country,year,suicide_count,population,suicide_rate (%),health_expenditure
Albania,2000,54.0,2796300.0,0.0019311232700354038,..
Albania,2001,119.0,2799349.0,0.0042509883547924895,..
Albania,2002,133.0,2818839.0,0.004718254572183796,..
Albania,2003,124.0,2843929.0,0.004360165109607167,..
Albania,2004,146.0,2874991.0,0.005078276766779443,..
Albania,2005,0.0,2783320.0,0.0,..
Albania,2006,0.0,2780176.0,0.0,..
Albania,2007,124.0,2770344.0,0.0044759784344471296,..
Albania,2008,160.0,2757059.0,0.0058032853123563925,..
Albania,2009,0.0,2745735.0,0.0,..
Albania,2010,96.0,2736025.0,0.0035087398689704953,..
Antigua and Barbuda,2000,2.0,75326.0,0.002655125720202852,444.9394226
Antigua and Barbuda,2001,2.0,76497.0,0.002614481613658052,497.0965881
Antigua and Barbuda,2002,0.0,77588.0,0.0,512.317688
Antigua and Barbuda,2003,1.0,78658.0,0.0012713265020722624,569.6490479
Antigua and Barbuda,2004,2.0,79722.0,0.0025087177943353147,547.8710938
Antigua and Barbuda,2005,0.0,80809.0,0.0,569.3041992
Antigua and Barbuda,2006,0.0,81973.0,0.0,598.2730713
Antigua and Barbuda,2007,1.0,83131.0,0.0012029206914388134,675.7179565
Antigua and Barbuda,2008,0.0,84273.0,0.0,650.1051025
Antigua and Barbuda,2009,0.0,85405.0,0.0,575.2674561
Antigua and Barbuda,2012,0.0,88703.0,0.0,649.8314209
Antigua and Barbuda,2013,0.0,89779.0,0.0,660.6138306
Antigua and Barbuda,2014,0.0,90837.0,0.0,677.6029053
Antigua and Barbuda,2015,1.0,91889.0,0.0010882695426003113,639.5827026
Argentina,2000,2774.0,33585533.0,0.008259508640223158,705.1993408
Argentina,2001,3132.0,34010946.0,0.009208800013971973,671.52948
Argentina,2002,3162.0,34407507.0,0.00918985499298162,222.621994
Argentina,2003,3289.0,34785907.0,0.009454978419852616,260.769989
Argentina,2004,3121.0,35162945.0,0.00887582083923858,309.7401428
Argentina,2005,3058.0,35550617.0,0.008601819765884795,390.0584412
Argentina,2006,3108.0,35918886.0,0.008652829600561665,447.3611755
Argentina,2007,2946.0,36315492.0,0.008112240362873235,551.75
Argentina,2008,3059.0,36733520.0,0.008327543889069165,694.6824341
Argentina,2009,2884.0,37158001.0,0.007761450891828115,742.8430176
Argentina,2010,2943.0,37578454.0,0.007831615425158256,891.1377563
Argentina,2011,2912.0,38015739.0,0.0076599852497935125,1068.610596
Argentina,2012,3248.0,38441778.0,0.008449140932034933,1168.065796
Argentina,2013,2987.0,38859125.0,0.007686740244408489,1206.932861
Argentina,2014,3231.0,39276555.0,0.008226281556516349,1089.5
Argentina,2015,3073.0,39699624.0,0.007740627467907504,1305.39502
Armenia,2000,61.0,3606500.0,0.0016913905448495774,26.12911606
Armenia,2001,60.0,3610516.0,0.0016618123282101506,32.25967407
Armenia,2002,74.0,3014844.0,0.0024545216933280797,59.6339798
Armenia,2003,59.0,3024366.0,0.0019508220896544927,66.78081512
Armenia,2006,78.0,2764396.0,0.0028215928542799228,126.2447052
Armenia,2007,71.0,2735313.0,0.002595681006159076,172.5760803
Armenia,2008,63.0,3045391.0,0.0020686998812303576,266.2564392
Armenia,2009,53.0,2689695.0,0.0019704836421973494,252.7925262
Armenia,2010,73.0,2676225.0,0.002727722818522359,297.2298889
Armenia,2011,67.0,2670366.0,0.0025090193628888326,330.6855774
Armenia,2012,79.0,2814300.0,0.0028070923497850266,336.5903625
Armenia,2013,67.0,2810664.0,0.0023837783527308853,396.7911072
Armenia,2014,58.0,2803029.0,0.0020691901510829893,406.5928955
Armenia,2015,74.0,2795335.0,0.002647267679902409,366.0492249
Armenia,2016,67.0,2784119.0,0.002406506331087141,358.8421021
Aruba,2000,10.0,83888.0,0.011920656112912455,..
Aruba,2001,4.0,86045.0,0.00464873031553257,..
Aruba,2002,9.0,88284.0,0.010194372706266141,..
Aruba,2003,2.0,90457.0,0.0022109952795250783,..
Aruba,2004,8.0,92335.0,0.008664103536037256,..
Aruba,2005,10.0,93728.0,0.010669170365312394,..
Aruba,2006,9.0,94508.0,0.009523003343632284,..
Aruba,2007,8.0,94814.0,0.008437572510388763,..
Aruba,2008,4.0,94814.0,0.004218786255194382,..
Aruba,2009,4.0,94795.0,0.0042196318371222116,..
Aruba,2010,7.0,95006.0,0.007367955708060544,..
Aruba,2011,9.0,95488.0,0.009425268096514743,..
Aruba,2012,3.0,96215.0,0.003118016941225381,..
Aruba,2013,2.0,97110.0,0.0020595201318092888,..
Aruba,2014,5.0,97988.0,0.005102665632526432,..
Aruba,2015,9.0,98712.0,0.00911743253099927,..
Australia,2000,2391.0,17874410.0,0.01337666529972178,1632.427612
Australia,2001,2458.0,18130883.0,0.013556978995452124,1558.187378
Australia,2002,2319.0,18370058.0,0.012623803365237059,1763.740723
Australia,2003,2156.0,18608029.0,0.011586396388354727,2240.952148
Australia,2004,2114.0,18854551.0,0.011212147136253734,2757.631836
Australia,2006,2117.0,19109246.0,0.011078406756603584,3177.460693
Australia,2007,2229.0,19734430.0,0.011294980397204276,3794.251709
Australia,2008,2341.0,20120312.0,0.011635008443209029,4088.778076
Australia,2009,2337.0,20529317.0,0.011383720169550695,3997.537109
Australia,2010,2420.0,20847547.0,0.011608080317554866,4952.777344
Australia,2011,2392.0,20881910.0,0.011454890860079371,5876.865723
Australia,2012,2580.0,21238909.0,0.01214751661679044,6047.057617
Australia,2013,2608.0,21600180.0,0.012073973457628593,5838.413574
Australia,2014,2891.0,21927587.0,0.013184305231578831,5637.566895
Australia,2015,3027.0,22240785.0,0.013610131117224505,4887.800781
Austria,2000,1588.0,7592073.0,0.020916553357692956,2263.490479
Austria,2001,1489.0,7634560.0,0.01950341604493252,2280.520508
Austria,2002,1553.0,7683162.0,0.02021303208236401,2486.128418
Austria,2003,1456.0,7722033.0,0.01885513827770485,3084.311279
Austria,2004,1422.0,7773105.0,0.01829384782528989,3588.209717
Austria,2005,1399.0,7827461.0,0.017872973113503856,3708.921387
Austria,2006,1297.0,7869269.0,0.016481835860484625,3879.533203
Austria,2007,1285.0,7897272.0,0.016271441581346066,4472.84668
Austria,2008,1267.0,7925258.0,0.01598686124792404,5037.371582
Austria,2009,1278.0,7946894.0,0.01608175470819165,4909.23291
Austria,2010,1264.0,7968421.0,0.015862615692619656,4796.113281
Austria,2011,1288.0,7995146.0,0.01610977460574203,5161.058105
Austria,2012,1276.0,8031276.0,0.015887886308477008,4966.376465
Austria,2013,1291.0,8079615.0,0.015978484123315283,5233.853516
Austria,2014,1314.0,8141165.0,0.016140196151287933,5386.424805
Austria,2015,1251.0,8219386.0,0.015220114981824675,4610.966797
Austria,2016,1204.0,8319211.0,0.01447252630087156,4718.944336
Azerbaijan,2000,62.0,7415250.0,0.0008361147634941505,25.27406311
Azerbaijan,2001,317.0,7518000.0,0.004216546953977121,25.55867195
Azerbaijan,2002,92.0,7605700.0,0.0012096191014633762,27.76484299
Azerbaijan,2003,129.0,7674400.0,0.001680913165850099,51.74542618
Azerbaijan,2004,108.0,7738250.0,0.0013956643944044195,73.91770935
Azerbaijan,2007,55.0,7921100.0,0.0006943480072212192,176.6751099
Bahamas,2000,11.0,269738.0,0.004078031274792576,
Bahamas,2001,1.0,276140.0,0.00036213514883754616,
Bahamas,2002,3.0,282555.0,0.0010617401921749748,
Bahamas,2003,1.0,288888.0,0.00034615491124588083,
Bahamas,2004,2.0,295237.0,0.0006774218678553162,
Bahamas,2005,4.0,301763.0,0.001325543555704311,
Bahamas,2006,2.0,308499.0,0.0006483003186396065,
Bahamas,2007,5.0,314989.0,0.0015873570188165301,
Bahamas,2008,4.0,321447.0,0.001244373100386689,
Bahamas,2009,6.0,327813.0,0.0018303117936140426,
Bahamas,2010,10.0,333869.0,0.0029951867349169888,
Bahamas,2011,4.0,338383.0,0.0011820924810052515,
Bahamas,2012,5.0,343558.0,0.0014553583383300635,
Bahamas,2013,5.0,348959.0,0.0014328330835427655,
Bahrain,2000,29.0,590594.0,0.004910310636410123,485.6842651
Bahrain,2001,23.0,624083.0,0.0036854072294871033,484.9045715
Bahrain,2002,25.0,661010.0,0.003782091042495575,503.0286865
Bahrain,2003,34.0,702913.0,0.004837013969011812,567.2358398
Bahrain,2004,42.0,751559.0,0.005588383613262565,550.3571167
Bahrain,2005,42.0,819540.0,0.005124826121970862,570.291687
Bahrain,2006,28.0,888543.0,0.003151226220903209,591.3137817
Bahrain,2007,40.0,964770.0,0.004146065901717508,692.9870605
Bahrain,2008,43.0,1024110.0,0.004198767710499847,757.770813
Bahrain,2009,36.0,1092922.0,0.00329392216461925,785.2914429
Bahrain,2010,19.0,1139160.0,0.001667895642403174,796.3171387
Bahrain,2011,18.0,1103462.0,0.0016312297115804624,805.2404175
Bahrain,2012,19.0,1201778.0,0.001580990831917376,971.1656494
Bahrain,2013,5.0,1214492.0,0.0004116947662067762,1066.366455
Bahrain,2014,9.0,1213966.0,0.0007413716693877752,1100.991455
Barbados,2000,10.0,251133.0,0.003981953785444366,604.5227661
Barbados,2001,2.0,252406.0,0.0007923741907878577,623.4923706
Barbados,2002,0.0,253353.0,0.0,670.696167
Barbados,2003,0.0,254122.0,0.0,787.9133301
Barbados,2004,3.0,254925.0,0.0011768167107972932,922.6547852
Barbados,2005,1.0,255889.0,0.000390794446029333,943.5418701
Barbados,2006,9.0,256883.0,0.003503540522338964,1009.486877
Barbados,2007,0.0,258083.0,0.0,1024.984985
Barbados,2008,1.0,259414.0,0.00038548420671205097,1117.532959
Barbados,2009,5.0,260718.0,0.001917780897368037,1146.35144
Barbados,2010,3.0,261927.0,0.0011453572942079285,1097.623901
Barbados,2011,0.0,263203.0,0.0,1145.173096
Barbados,2012,0.0,264270.0,0.0,1273.416626
Barbados,2013,0.0,265165.0,0.0,1258.091919
Belarus,2000,3483.0,9543479.0,0.03649612473606323,57.30836868
Belarus,2001,3303.0,9513587.0,0.03471876590816902,73.87293243
Belarus,2002,3291.0,9469234.0,0.034754659141383565,86.54052734
Belarus,2003,3456.0,9420691.0,0.03668520706177498,109.1908417
Belarus,2007,2659.0,9244456.0,0.028763185199864656,279.4168701
Belarus,2008,2658.0,9205746.0,0.028873271106980358,349.712616
Belarus,2009,2743.0,9169969.0,0.02991286011981065,289.0747375
Belarus,2010,2459.0,8981193.0,0.02737943611722852,341.7745361
Belarus,2011,2172.0,8947320.0,0.02427542549053795,317.9577942
Belarus,2013,1902.0,8910240.0,0.021346226364273014,453.8238525
Belarus,2014,1741.0,8906977.0,0.019546474634435453,447.7013245
Belgium,2000,2143.0,9674025.0,0.022152103183524955,1845.321045
Belgium,2001,2165.0,9710055.0,0.022296475148698952,1878.291138
Belgium,2002,2076.0,9758570.0,0.021273608735706155,2074.923828
Belgium,2003,2091.0,9804122.0,0.02132776397519329,2804.908447
Belgium,2004,1987.0,9848022.0,0.02017664054771608,3255.437744
Belgium,2005,2029.0,9901014.0,0.02049285053025882,3339.992676
Belgium,2006,1935.0,9962702.0,0.01942244182351334,3474.425781
Belgium,2007,1857.0,10030266.0,0.01851396563161934,3988.885986
Belgium,2008,1999.0,10100850.0,0.019790413678056798,4539.739746
Belgium,2009,2013.0,10173366.0,0.019786961365589318,4566.755371
Belgium,2010,2013.0,10211171.0,0.019713703746612413,4449.542969
Belgium,2011,2088.0,10355126.0,0.02016392654227481,4856.177734
Belgium,2012,2026.0,10442637.0,0.01940122978515867,4614.677734
Belgium,2013,1895.0,10526149.0,0.01800278525413235,4849.913574
Belgium,2014,1899.0,10578848.0,0.017950914882225364,4944.26123
Belgium,2015,1867.0,10624356.0,0.017572829826108992,4171.053223
Belize,2000,18.0,210109.0,0.008566981899871021,139.3054199
Belize,2001,19.0,217279.0,0.008744517417697984,160.7647858
Belize,2002,14.0,224136.0,0.006246207659635222,160.0285034
Belize,2003,12.0,230890.0,0.005197280090086188,175.1927338
Belize,2004,20.0,237791.0,0.008410747252839678,174.8044128
Belize,2005,12.0,245020.0,0.0048975593829075174,184.2725983
Belize,2006,11.0,252826.0,0.004350818349378624,192.7100983
Belize,2007,8.0,260667.0,0.0030690497838238057,218.0575562
Belize,2008,11.0,268487.0,0.004097032631002619,226.3616333
Belize,2009,15.0,276189.0,0.005431063510856696,246.519104
Belize,2010,15.0,283796.0,0.005285486758093842,250.305542
Belize,2011,33.0,291662.0,0.011314466745753649,254.4269562
Belize,2012,18.0,298946.0,0.006021154322185278,249.5245361
Belize,2013,17.0,305888.0,0.0055575897060361965,266.280304
Belize,2014,24.0,312780.0,0.007673124880107422,273.1342163
Belize,2015,26.0,319835.0,0.008129191614426188,289.5839844
Bosnia and Herzegovina,2011,5.0,3673312.0,0.00013611694296591196,463.5262146
Bosnia and Herzegovina,2014,313.0,3654169.0,0.0085655589547172,492.1351013
Brazil,2000,6763.0,157715991.0,0.004288087693022835,311.6526794
Brazil,2001,7710.0,160178796.0,0.004813371178042816,269.3467712
Brazil,2002,7697.0,162761414.0,0.004729007822456003,246.1060333
Brazil,2003,7839.0,165396911.0,0.004739508103630787,250.5107574
Brazil,2004,7995.0,167993068.0,0.004759124941988677,294.357666
Brazil,2005,8529.0,170483960.0,0.005002816687270754,383.3045959
Brazil,2006,8618.0,172974722.0,0.00498223087186115,483.4282837
Brazil,2007,8855.0,175293192.0,0.005051536741940326,599.8584595
Brazil,2008,9184.0,177471632.0,0.005174911559950044,704.0132446
Brazil,2009,9346.0,179569551.0,0.005204668579919766,718.029541
Brazil,2010,9429.0,181629712.0,0.005191331250913397,891.7641602
Brazil,2011,9822.0,183656441.0,0.005348029149710028,1025.490356
Brazil,2012,10295.0,185591215.0,0.005547137562518786,950.9295044
Brazil,2013,10513.0,187458852.0,0.005608164078589364,974.4987183
Brazil,2014,10631.0,189285554.0,0.005616382114400553,1009.828674
Brazil,2015,11163.0,191087085.0,0.005841839075623557,776.152832
Brunei Darussalam,2000,5.0,298374.0,0.0016757492274796061,508.4324036
Brunei Darussalam,2001,4.0,298563.0,0.001339750739374939,464.6770325
Brunei Darussalam,2002,1.0,303100.0,0.0003299241174529858,473.1112671
Brunei Darussalam,2003,5.0,302800.0,0.0016512549537648614,535.131958
Brunei Darussalam,2004,3.0,324800.0,0.0009236453201970443,619.131958
Brunei Darussalam,2005,7.0,335400.0,0.0020870602265951107,646.0823364
Brunei Darussalam,2006,10.0,347900.0,0.002874389192296637,654.7131958
Brunei Darussalam,2007,10.0,342714.0,0.002917884883605572,702.8585205
Brunei Darussalam,2008,9.0,347549.0,0.00258956291055362,788.9667969
Brunei Darussalam,2009,2.0,352328.0,0.0005676528689175995,741.5541992
Brunei Darussalam,2010,5.0,379000.0,0.0013192612137203164,803.4937744
Brunei Darussalam,2011,5.0,387600.0,0.0012899896800825591,876.434082
Brunei Darussalam,2012,8.0,368700.0,0.0021697857336588013,881.9977417
Brunei Darussalam,2013,4.0,373361.0,0.0010713491768020763,846.6196899
Brunei Darussalam,2014,5.0,378656.0,0.0013204597312600351,795.0393677
Brunei Darussalam,2015,7.0,384080.0,0.0018225369714642784,739.2253418
Bulgaria,2000,1383.0,7829095.0,0.017664876974924942,94.49745178
Bulgaria,2001,1314.0,7591926.0,0.01730786100918265,119.8299789
Bulgaria,2002,1317.0,7544410.0,0.01745663345443845,148.1479187
Bulgaria,2003,1092.0,7493166.0,0.014573279171981509,195.7436981
Bulgaria,2004,1013.0,7447563.0,0.013601764765199031,233.113327
Bulgaria,2005,982.0,7404051.0,0.013263009668626001,267.741394
Bulgaria,2006,977.0,7358508.0,0.013277148030551843,294.1089172
Bulgaria,2007,902.0,7312474.0,0.0123350865931284,361.2349854
Bulgaria,2008,939.0,7267511.0,0.012920517079368712,455.5405884
Bulgaria,2009,868.0,7219817.0,0.012022465389358208,459.3002014
Bulgaria,2010,859.0,7162740.0,0.011992617350343585,484.7522888
Bulgaria,2011,763.0,7056527.0,0.010812684483457657,555.8641968
Bulgaria,2012,872.0,6959652.0,0.012529362100288923,558.6479492
Bulgaria,2013,721.0,6920644.0,0.01041810559826513,600.3096924
Bulgaria,2014,724.0,6883874.0,0.010517333699018895,666.4014282
Cabo Verde,2011,42.0,452179.0,0.009288357044444787,158.1145935
Canada,2000,3606.0,29008565.0,0.012430811382776085,1998.634277
Canada,2001,3694.0,29262055.0,0.012623857073606077,2054.408691
Canada,2002,3650.0,29642114.0,0.012313561711556741,2150.886719
Canada,2003,3765.0,29958833.0,0.01256724519276168,2551.522217
Canada,2004,3613.0,30283966.0,0.011930405680682642,2913.394775
Canada,2005,3743.0,30597090.0,0.012233189496125285,3282.904785
Canada,2006,3512.0,30902962.0,0.011364606408926108,3767.274902
Canada,2007,3611.0,31242631.0,0.011557925451284815,4190.353027
Canada,2008,3705.0,31588641.0,0.011728899638322524,4453.645996
Canada,2009,3890.0,31937357.0,0.012180093675253087,4347.731934
Canada,2010,3951.0,32286140.0,0.012237449258412431,5044.135254
Canada,2011,3728.0,32615418.0,0.011430176979488659,5361.238281
Canada,2012,3926.0,32961196.0,0.0119109755604742,5408.930664
Canada,2013,4054.0,33314836.0,0.012168752684239538,5345.318359
Chile,2000,1473.0,13943575.0,0.010564005285588523,358.8254089
Chile,2001,1625.0,14139590.0,0.011492553885933043,328.638855
Chile,2002,1603.0,14332840.0,0.011184105871550928,324.3238525
Chile,2003,1654.0,14523758.0,0.011388237121549395,351.0978394
Chile,2004,1735.0,14710993.0,0.011793901336232027,428.6191711
Chile,2005,1682.0,14893574.0,0.011293461193397905,501.7507324
Chile,2006,1795.0,15071596.0,0.01190982030038491,572.4163818
Chile,2007,1848.0,15245435.0,0.012121661336655858,650.0742188
Chile,2008,2088.0,15415661.0,0.013544667335380558,726.7156982
Chile,2009,2148.0,15584149.0,0.013783235773733941,738.4604492
Chile,2010,2001.0,15751851.0,0.012703268968199358,871.2634277
Chile,2011,2027.0,15910783.0,0.012739787853306778,995.8383179
Chile,2012,1841.0,16075247.0,0.011452390125016431,1083.46167
Chile,2013,1738.0,16242244.0,0.010700491877846436,1186.80249
Chile,2014,1789.0,16406867.0,0.010903970879997992,1154.848267
Chile,2015,1838.0,16565725.0,0.01109519806709335,1140.134766
Colombia,2000,2358.0,36252342.0,0.006504407356633676,130.3342438
Colombia,2001,2412.0,36884428.0,0.006539345004889325,134.1677399
Colombia,2002,2379.0,37478276.0,0.006347677251749786,128.2384033
Colombia,2003,2269.0,38044513.0,0.005964066355639774,125.976738
Colombia,2004,2244.0,38604716.0,0.0058127613216996605,155.184845
Colombia,2005,2102.0,39172790.0,0.005365969592668789,204.1060333
Colombia,2006,2177.0,39708676.0,0.005482429079226917,233.5850525
Colombia,2007,2181.0,40275206.0,0.0054152423205482796,301.5988464
Colombia,2008,2220.0,40859129.0,0.005433302310482439,369.0353394
Colombia,2009,2249.0,41436173.0,0.0054276247953690135,374.1268005
Colombia,2010,2107.0,41989103.0,0.005017968590565035,441.3017883
Colombia,2011,2044.0,42538305.0,0.004805080973489658,489.4076843
Colombia,2012,2119.0,43055864.0,0.004921513130011745,533.7362061
Colombia,2013,2068.0,43546298.0,0.004748968557556832,585.8063965
Colombia,2014,2126.0,44021800.0,0.004829425421041393,569.8972778
Colombia,2015,2332.0,44490427.0,0.005241577025098006,444.0635681
Costa Rica,2000,239.0,3531421.0,0.00676781386303134,251.0935822
Costa Rica,2001,198.0,3606850.0,0.005489554597501976,258.7848206
Costa Rica,2002,275.0,3680372.0,0.0074720707580646735,280.2767334
Costa Rica,2003,315.0,3751871.0,0.008395811050006783,291.7362976
Costa Rica,2004,325.0,3820857.0,0.008505945132204634,294.6903687
Costa Rica,2005,272.0,3887096.0,0.0069975117671392745,314.4723816
Costa Rica,2006,350.0,3953916.0,0.008851983704256742,365.5856323
Costa Rica,2007,270.0,4015241.0,0.006724378437060191,430.478241
Costa Rica,2008,261.0,4072561.0,0.0064087437855442795,519.3451538
Costa Rica,2009,278.0,4128459.0,0.006733747386131242,538.442627
Costa Rica,2010,311.0,4184663.0,0.0074319007289236905,665.2514038
Costa Rica,2011,316.0,4235514.0,0.007460723775201781,754.9591064
Costa Rica,2012,302.0,4290210.0,0.00703928245936679,790.1933594
Costa Rica,2013,311.0,4347229.0,0.007153982456410739,831.6552124
Costa Rica,2014,268.0,4403674.0,0.0060858274250092095,837.9086914
Croatia,2000,926.0,4118000.0,0.02248664400194269,371.0621338
Croatia,2001,881.0,4180633.0,0.02107336377051035,388.3248901
Croatia,2002,874.0,4217300.0,0.020724160007587797,386.4440918
Croatia,2003,865.0,4225600.0,0.020470465732677016,512.1520996
Croatia,2004,871.0,4229600.0,0.020592963873652358,634.6203003
Croatia,2005,874.0,4235875.0,0.02063328119927996,727.1310425
Croatia,2006,796.0,4234946.0,0.01879598937034852,816.0170288
Croatia,2007,775.0,4230855.0,0.018317810466206005,1041.034424
Croatia,2008,793.0,4225583.0,0.01876664119483631,1258.872437
Croatia,2009,790.0,4216050.0,0.01873791819356981,1187.545288
Croatia,2010,776.0,4203963.0,0.018458773305093316,1126.373657
Croatia,2011,702.0,4189029.0,0.01675806016143598,1132.498901
Croatia,2012,776.0,4054296.0,0.01914019104673166,1029.971191
Croatia,2013,692.0,4044457.0,0.017109836994187354,889.944519
Croatia,2014,722.0,4030452.0,0.017913623583657615,909.3716431
Croatia,2015,739.0,4001669.0,0.018467294521360963,795.520813
Croatia,2016,683.0,3978183.0,0.017168642065988414,840.9050293
Cuba,2000,1845.0,10397209.0,0.01774514679853026,180.417099
Cuba,2001,1652.0,10433428.0,0.01583372214769681,197.7462006
Cuba,2002,1606.0,10479415.0,0.015325282947569116,213.0417938
Cuba,2003,1499.0,10531074.0,0.014234065775247615,226.7738495
Cuba,2004,1515.0,10578701.0,0.014321229043150004,231.6465302
Cuba,2005,1397.0,10616406.0,0.013158878814544205,330.8660583
Cuba,2006,1376.0,10653638.0,0.012915775812919493,386.2203369
Cuba,2007,1307.0,10678023.0,0.01224009350794618,568.6090088
Cuba,2008,1377.0,10693814.0,0.012876603239966582,608.3035889
Cuba,2009,1477.0,10708230.0,0.013793129209962805,674.1086426
Cuba,2010,1558.0,10725848.0,0.014525658017902171,606.6707153
Cuba,2011,1529.0,10748034.0,0.014225857491704998,692.5626831
Cuba,2012,1495.0,10770535.0,0.013880461834068596,597.574585
Cuba,2013,1499.0,10792690.0,0.013889030445607164,705.1513062
Cuba,2014,1453.0,10813411.0,0.013437018161984223,856.0169067
Cuba,2015,1511.0,10832068.0,0.013949321588453837,974.9695435
Cyprus,2000,7.0,875229.0,0.0007997906833525853,750.5167236
Cyprus,2004,7.0,690616.0,0.0010135878693803794,1286.971558
Cyprus,2005,17.0,701263.0,0.002424197483683012,1366.01709
Cyprus,2006,19.0,713426.0,0.0026632054340604357,1474.02063
Cyprus,2007,19.0,728566.0,0.0026078625683877642,1694.271851
Cyprus,2008,41.0,747034.0,0.005488371345882517,2155.246582
Cyprus,2009,32.0,767174.0,0.004171152828432664,2105.477783
Cyprus,2010,38.0,787081.0,0.004827965609638652,1959.287231
Cyprus,2011,30.0,800820.0,0.0037461601858095454,2153.427246
Cyprus,2012,36.0,814305.0,0.004420947924917568,1943.19397
Cyprus,2013,45.0,813016.0,0.005534946421718638,1919.605469
Cyprus,2014,44.0,804818.0,0.0054670745435614005,1846.177368
Cyprus,2015,40.0,796037.0,0.005024892059037457,1582.108887
Cyprus,2016,36.0,803022.0,0.0044830652211271926,1636.821045
Czech Republic,2000,1649.0,9819742.0,0.016792701885650355,342.921051
Czech Republic,2001,1623.0,9838083.0,0.016497116358949196,388.5440369
Czech Republic,2002,1534.0,9752463.0,0.015729359855043798,497.7420349
Czech Republic,2003,1719.0,9748550.0,0.017633391632601768,640.6604004
Czech Republic,2004,1583.0,9746647.0,0.016241482840201354,746.3289185
Czech Republic,2005,1565.0,9761733.0,0.016031989401881816,852.6524658
Czech Republic,2006,1400.0,9780319.0,0.014314461522165076,942.118042
Czech Republic,2007,1379.0,9818295.0,0.014045208460328395,1110.176636
Czech Republic,2008,1379.0,9899594.0,0.0139298641944306,1449.336792
Czech Republic,2009,1464.0,9937407.0,0.0147322133429777,1442.242798
Czech Republic,2010,1502.0,9945273.0,0.015102652285161002,1373.931763
Czech Republic,2011,1590.0,9906318.0,0.016050363010757383,1516.55542
Czech Republic,2012,1658.0,9923127.0,0.01670844281243201,1387.406006
Czech Republic,2013,1577.0,9936780.0,0.01587033224042396,1554.509033
Czech Republic,2014,1489.0,9963127.0,0.014945107093385441,1512.926147
Czech Republic,2015,1387.0,9989325.0,0.013884822047535744,1284.046753
Czech Republic,2016,1318.0,10012831.0,0.013163110413029044,1321.620239
Denmark,2000,728.0,4998610.0,0.014564048805567947,2496.047119
Denmark,2001,727.0,5018451.0,0.014486541763584024,2602.642822
Denmark,2002,688.0,5041222.0,0.013647484677326252,2895.807373
Denmark,2003,633.0,5056783.0,0.012517839899398493,3607.042969
Denmark,2004,661.0,5072927.0,0.013029952924613343,4194.873535
Denmark,2005,631.0,5089852.0,0.012397217050711886,4442.755371
Denmark,2006,650.0,5110460.0,0.012719011595825034,4778.891602
Denmark,2007,581.0,5133001.0,0.011318914607653495,5468.379395
Denmark,2008,603.0,5162525.0,0.011680330845855468,6137.776367
Denmark,2009,622.0,5192790.0,0.011978146622528543,6221.688965
Denmark,2010,563.0,5217785.0,0.01079001913647266,6011.536621
Denmark,2011,589.0,5244150.0,0.01123156278901252,6281.004395
Denmark,2012,661.0,5270539.0,0.012541411798679415,6003.832031
Denmark,2013,610.0,5299698.0,0.011510089820212396,6236.554199
Denmark,2014,629.0,5339166.0,0.011780866150256423,6380.78418
Denmark,2015,564.0,5383060.0,0.010477312160741287,5469.333984
Ecuador,2000,534.0,11109383.0,0.00480674759345321,48.09148407
Ecuador,2001,584.0,11328328.0,0.005155217963321683,71.15251923
Ecuador,2002,577.0,11548770.0,0.0049962030588538865,97.3524704
Ecuador,2003,675.0,11771002.0,0.005734431104505802,132.3925934
Ecuador,2004,791.0,11994153.0,0.006594880021957366,150.3476105
Ecuador,2005,943.0,12217643.0,0.0077183463291569405,168.5761108
Ecuador,2006,900.0,12449374.0,0.007229279158936023,190.5664978
Ecuador,2007,1005.0,12677354.0,0.007927521784119936,210.5925903
Ecuador,2008,928.0,12903183.0,0.007192023859539153,248.6487732
Ecuador,2009,964.0,13130161.0,0.007341874939690381,274.0058899
Ecuador,2010,912.0,13360285.0,0.006826201686565818,331.6893005
Ecuador,2011,918.0,13583553.0,0.0067581729169091465,410.8297729
Ecuador,2012,976.0,13815861.0,0.007064344379260909,483.5228577
Ecuador,2013,676.0,14054613.0,0.004809808708357889,519.93396
Ecuador,2014,734.0,14295145.0,0.005134610386953053,551.4692993
Ecuador,2015,1073.0,14534024.0,0.007382676676466202,528.201416
Egypt,2000,48.0,61633355.0,7.787990772204433e-05,
Egypt,2001,49.0,62831800.0,7.798598798697475e-05,
Egypt,2002,36.0,64048864.0,5.6207085889923035e-05,
Egypt,2003,42.0,65284981.0,6.433332652727585e-05,
Egypt,2004,54.0,61349608.0,8.802012231276197e-05,
Egypt,2005,52.0,62531684.0,8.315784363011877e-05,
Egypt,2006,43.0,63678464.0,6.752675441417683e-05,
Egypt,2007,32.0,64938649.0,4.927728016023247e-05,
Egypt,2008,41.0,67134585.0,6.107135390797455e-05,
Egypt,2009,52.0,72889969.0,7.134040624986409e-05,
Egypt,2010,48.0,74238902.0,6.465612866957541e-05,
Egypt,2011,176.0,75743440.0,0.0002323633571435361,
Egypt,2012,211.0,77116832.0,0.0002736108246770303,
Egypt,2013,149.0,78431389.0,0.00018997496015275213,
Egypt,2014,88.0,76981540.0,0.00011431311974273313,
Egypt,2015,48.0,78885166.0,6.084794193118641e-05,
El Salvador,2000,461.0,5118189.0,0.009007092157011006,179.2502289
El Salvador,2001,514.0,5175094.0,0.009932186739023484,183.5322876
El Salvador,2002,436.0,5230458.0,0.00833579009715784,187.1434784
El Salvador,2003,527.0,5283542.0,0.009974369466543469,186.4378967
El Salvador,2004,464.0,5333170.0,0.0087002664456599,194.3544769
El Salvador,2005,455.0,5378879.0,0.008459011626772045,205.6842041
El Salvador,2006,411.0,5429044.0,0.007570393608893205,209.3209076
El Salvador,2007,501.0,5467861.0,0.009162632334655179,213.5994415
El Salvador,2008,490.0,5499287.0,0.008910246000981581,225.6322937
El Salvador,2009,506.0,5528910.0,0.009151894315516078,240.8505402
El Salvador,2010,399.0,5560453.0,0.007175674356028186,246.4757996
El Salvador,2011,485.0,5585785.0,0.008682754527787948,266.7733459
El Salvador,2012,512.0,5618823.0,0.0091122286642594,259.1697998
El Salvador,2013,484.0,5657250.0,0.008555393521587344,271.5424805
El Salvador,2014,386.0,5696329.0,0.00677629399565931,276.2991943
Estonia,2000,377.0,1334175.0,0.02825716266606705,209.7131348
Estonia,2001,401.0,1325610.0,0.030250224424981705,214.7041473
Estonia,2002,371.0,1316690.0,0.02817671585566838,250.4802094
Estonia,2003,342.0,1307160.0,0.026163591297163315,349.0580444
Estonia,2004,323.0,1297650.0,0.0248911493854275,455.0681152
Estonia,2005,273.0,1288495.0,0.021187509458709574,524.6801147
Estonia,2006,247.0,1278915.0,0.019313245993674327,600.5078735
Estonia,2007,251.0,1270415.0,0.0197573233943239,832.7330933
Estonia,2008,242.0,1264005.0,0.019145493886495703,1038.562256
Estonia,2009,269.0,1259010.0,0.021365993915854517,963.0196533
Estonia,2010,223.0,1254225.0,0.017779903924734396,926.4541626
Estonia,2011,218.0,1249427.0,0.017447998162357627,1014.639282
Estonia,2012,237.0,1251631.0,0.018935293229394287,1013.371521
Estonia,2013,218.0,1243096.0,0.017536859582847987,1144.321533
Estonia,2014,241.0,1241852.0,0.019406499325201398,1237.278442
Estonia,2015,195.0,1243450.0,0.015682174594877155,1112.465942
Fiji,2001,36.0,719459.0,0.0050037597694934655,64.16983032
Fiji,2002,42.0,723187.0,0.005807626519835118,73.01235962
Fiji,2003,10.0,725591.0,0.001378186884897966,91.3404541
Fiji,2004,24.0,728408.0,0.0032948567286465824,117.6120682
Fiji,2005,22.0,732607.0,0.003002974309554781,129.0754852
Fiji,2006,24.0,737759.0,0.003253094845335672,136.0088348
Fiji,2007,13.0,745055.0,0.0017448376294367527,150.9055481
Fiji,2008,37.0,753658.0,0.0049093886086261935,144.1117706
Fiji,2009,26.0,762403.0,0.003410269896629473,129.0674133
Fiji,2011,38.0,776325.0,0.004894857179660581,148.2068634
Fiji,2012,32.0,782939.0,0.004087163878667432,160.8294373
Finland,2000,1165.0,4881820.0,0.023864050702401968,1655.866211
Finland,2001,1204.0,4898983.0,0.024576529455195086,1737.976196
Finland,2002,1095.0,4915614.0,0.02227595576056216,1971.683228
Finland,2003,1075.0,4929856.0,0.02180591076088226,2510.001709
Finland,2004,1064.0,4944765.0,0.02151770609927873,2926.829346
Finland,2005,994.0,4961784.0,0.020033117120777526,3111.373047
Finland,2006,1062.0,4979740.0,0.021326414632089227,3286.428955
Finland,2007,995.0,4998853.0,0.019904566107465053,3774.777588
Finland,2008,1033.0,5020096.0,0.02057729573298997,4315.478516
Finland,2009,1034.0,5042316.0,0.02050644981393471,4179.838379
Finland,2010,954.0,5063494.0,0.018840745145545745,4099.587891
Finland,2011,912.0,5085985.0,0.017931629762966268,4548.829102
Finland,2012,873.0,5110450.0,0.01708264438552378,4411.17627
Finland,2013,887.0,5135433.0,0.017272156018781668,4306.805176
Finland,2014,789.0,5159944.0,0.01529086362177574,4739.988281
Finland,2015,731.0,5181797.0,0.014107075209623225,4121.901855
France,2000,10849.0,55267624.0,0.01962993741145811,2156.483398
France,2001,10449.0,55511272.0,0.01882320405124206,2190.798828
France,2002,10643.0,55935517.0,0.019027266700690368,2438.24707
France,2003,10871.0,56360402.0,0.019288364905559047,2999.567383
France,2004,10804.0,56813922.0,0.01901646571768096,3452.43042
France,2005,10713.0,57160687.0,0.01874190210485049,3573.602783
France,2006,10423.0,57824447.0,0.01802524804085026,3812.535889
France,2007,10127.0,58167011.0,0.017410212121781538,4314.527344
France,2008,10353.0,58482967.0,0.017702590225971263,4793.813477
France,2009,10499.0,58770727.0,0.017864335760216142,4724.207031
France,2010,10379.0,59056283.0,0.017574759996324185,4593.392578
France,2011,10408.0,59344643.0,0.01753823003029945,4933.404785
France,2012,9743.0,59638457.0,0.016336774105339447,4652.287109
France,2013,9600.0,59910069.0,0.016024017598777928,4900.390137
France,2014,8881.0,60275954.0,0.014733902013396588,4987.874023
French Guiana,2001,7.0,148156.0,0.004724749588271822,
French Guiana,2002,11.0,155432.0,0.007077049770960934,
French Guiana,2003,23.0,162844.0,0.01412394684483309,
French Guiana,2004,27.0,170038.0,0.015878803561556833,
French Guiana,2005,25.0,176783.0,0.014141631265449732,
French Guiana,2006,13.0,182510.0,0.007122897375486274,
French Guiana,2007,23.0,187701.0,0.012253530881561631,
French Guiana,2008,20.0,192699.0,0.010378881052833694,
French Guiana,2009,16.0,197851.0,0.008086893672511131,
French Guiana,2010,16.0,203377.0,0.007867162953529652,
French Guiana,2011,21.0,210264.0,0.009987444355667162,
French Guiana,2012,19.0,215906.0,0.00880012598075088,
French Guiana,2013,19.0,222674.0,0.008532653116214735,
French Guiana,2014,15.0,229559.0,0.006534267878845962,
Georgia,2000,130.0,4165600.0,0.0031207989245246783,47.90106964
Georgia,2001,100.0,4140950.0,0.002414904792378561,50.78782654
Georgia,2004,175.0,4089850.0,0.00427888553369928,94.03149414
Georgia,2005,87.0,4132000.0,0.002105517909002904,118.6558456
Georgia,2006,72.0,4166500.0,0.0017280691227649107,136.9098511
Georgia,2007,104.0,4154900.0,0.002503068665912537,177.1108856
Georgia,2009,188.0,4158750.0,0.0045205891193267215,246.977478
Georgia,2010,112.0,4193800.0,0.002670608994229577,262.5267029
Georgia,2011,99.0,4202600.0,0.0023556845762147238,290.2702637
Georgia,2012,104.0,4200900.0,0.0024756599776238424,323.0097656
Georgia,2013,157.0,4192600.0,0.0037446930305776852,334.9199219
Georgia,2014,194.0,3470600.0,0.005589811559960814,348.9715576
Georgia,2015,192.0,3458400.0,0.005551700208188758,280.9128723
Germany,2000,11073.0,78242066.0,0.014152233659065188,2334.651855
Germany,2001,11167.0,78421514.0,0.01423971488232171,2341.071289
Germany,2002,11176.0,78633771.0,0.014212722927913504,2551.568115
Germany,2003,11155.0,78756461.0,0.014163917294353791,3138.26123
Germany,2004,10741.0,78811814.0,0.013628667397504644,3443.54541
Germany,2005,10270.0,78851254.0,0.013024523363953095,3547.225342
Germany,2006,9775.0,78828994.0,0.012400259731844351,3684.42627
Germany,2007,9409.0,78776585.0,0.011943904397480543,4166.760742
Germany,2008,9459.0,78662789.0,0.012024745270600564,4635.934082
Germany,2009,9579.0,78448602.0,0.012210542642939642,4643.00293
Germany,2010,10030.0,78349067.0,0.012801684032816882,4597.244629
Germany,2011,10153.0,78371140.0,0.012955024005010007,5021.630859
Germany,2012,9896.0,78508115.0,0.012605066367979922,4754.655762
Germany,2013,10091.0,77270988.0,0.013059235116807358,5094.416016
Germany,2014,10217.0,77552369.0,0.013174323533559624,5290.722168
Germany,2015,10088.0,78136683.0,0.012910709301545344,4617.490723
Greece,2000,382.0,10403059.0,0.0036719968616923154,..
Greece,2001,334.0,10441529.0,0.003198765238309447,..
Greece,2002,323.0,10482045.0,0.003081459772401282,..
Greece,2003,375.0,10515665.0,0.00356610827750789,..
Greece,2004,353.0,10547290.0,0.003346831271350271,1791.739624
Greece,2005,400.0,10582816.0,0.0037797123185360115,1948.504272
Greece,2006,394.0,10618891.0,0.003710368625122906,2063.880371
Greece,2007,328.0,10653591.0,0.003078774095983223,2439.315674
Greece,2008,373.0,10686723.0,0.003490312231354738,2847.825195
Greece,2009,391.0,10719618.0,0.0036475180365569,2816.13623
Greece,2010,377.0,10735384.0,0.003511751419418253,2573.740234
Greece,2011,477.0,10728724.0,0.004446008677266747,2354.009277
Greece,2012,508.0,10539802.0,0.004819824888551039,1968.480469
Greece,2013,533.0,10431289.0,0.005109627391207358,1834.335083
Greece,2014,565.0,10380547.0,0.00544287309714989,1724.528687
Greece,2015,529.0,10331286.0,0.005120369332530335,1464.725586
Grenada,2001,0.0,91415.0,0.0,285.3203125
Grenada,2002,0.0,91908.0,0.0,316.2298584
Grenada,2003,4.0,92567.0,0.004321194378126114,312.9335327
Grenada,2004,1.0,93202.0,0.0010729383489624686,310.0204163
Grenada,2005,6.0,93685.0,0.0064044404120190005,368.2311707
Grenada,2006,1.0,94126.0,0.001062405711493105,408.2746887
Grenada,2007,3.0,94418.0,0.003177360249105043,432.9971924
Grenada,2008,0.0,94585.0,0.0,462.8188782
Grenada,2009,0.0,94746.0,0.0,449.2532349
Grenada,2010,0.0,94980.0,0.0,456.2245789
Grenada,2011,1.0,95102.0,0.001051502597211415,460.0105591
Grenada,2012,2.0,95426.0,0.0020958648586339146,450.2014771
Grenada,2013,0.0,95876.0,0.0,451.8045044
Grenada,2014,0.0,96393.0,0.0,404.8162537
Grenada,2015,0.0,96892.0,0.0,440.2941589
Grenada,2016,0.0,97452.0,0.0,463.6931763
Guadeloupe,2000,37.0,390842.0,0.00946674103601967,
Guadeloupe,2001,33.0,394479.0,0.008365464321294671,
Guadeloupe,2002,36.0,397673.0,0.0090526638720758,
Guadeloupe,2003,31.0,400641.0,0.007737600495206431,
Guadeloupe,2004,39.0,403614.0,0.009662697527836002,
Guadeloupe,2005,46.0,406751.0,0.01130913015579556,
Guadeloupe,2006,39.0,409899.0,0.009514538947399237,
Guadeloupe,2007,34.0,413323.0,0.008226012101915451,
Guadeloupe,2008,43.0,416751.0,0.010317911654681091,
Guadeloupe,2009,39.0,419759.0,0.00929104557615203,
Guadeloupe,2010,44.0,421990.0,0.010426787364629491,
Guadeloupe,2011,32.0,378522.0,0.008453933985342992,
Guadeloupe,2012,40.0,424173.0,0.00943011459946767,
Guadeloupe,2013,39.0,424123.0,0.00919544566081066,
Guadeloupe,2014,25.0,423906.0,0.005897533887229718,
Guatemala,2000,182.0,9755585.0,0.0018655980138556532,83.95554352
Guatemala,2001,202.0,10015097.0,0.0020169550030319228,100.3934326
Guatemala,2002,258.0,10277166.0,0.0025104197013067608,107.955986
Guatemala,2003,253.0,10542980.0,0.0023997010332941922,113.6128998
Guatemala,2004,250.0,10817808.0,0.0023110042256250067,122.2627335
Guatemala,2005,238.0,11104906.0,0.0021431968897350413,132.334137
Guatemala,2006,298.0,11397134.0,0.0026146924305707037,148.713913
Guatemala,2007,327.0,11708397.0,0.0027928673754400372,158.3343964
Guatemala,2008,492.0,12032885.0,0.004088794998040786,174.7796326
Guatemala,2009,511.0,12359945.0,0.004134322604186346,168.1854248
Guatemala,2010,352.0,12682151.0,0.0027755543992497803,173.7517853
Guatemala,2011,359.0,13017342.0,0.002757859476996149,189.2414093
Guatemala,2012,420.0,13335425.0,0.0031495059212586023,198.4628448
Guatemala,2013,455.0,13641878.0,0.0033353179085753443,213.023941
Guatemala,2014,512.0,13947190.0,0.0036709903571974,219.1398926
Guatemala,2015,494.0,14258397.0,0.003464625090744773,233.8632813
Guyana,2001,197.0,660426.0,0.029829231435467413,60.19581604
Guyana,2002,176.0,662839.0,0.026552450896824117,64.66991425
Guyana,2003,198.0,664705.0,0.029787650160597562,67.86012268
Guyana,2004,186.0,666308.0,0.02791501827983455,80.87737274
Guyana,2005,169.0,667709.0,0.02531042714715542,90.62982941
Guyana,2006,201.0,668408.0,0.03007145336381372,97.68846893
Guyana,2007,185.0,668788.0,0.027661979580973342,120.5415878
Guyana,2008,168.0,669253.0,0.02510261440740646,125.8893204
Guyana,2009,156.0,670155.0,0.023278196835060543,141.6074066
Guyana,2010,205.0,671825.0,0.03051389870874112,165.340683
Guyana,2011,192.0,675283.0,0.02843252384555808,177.7289276
Guyana,2012,206.0,679356.0,0.03032283515564741,185.9785614
Guyana,2013,210.0,683867.0,0.03070772533255735,199.0410004
Hong Kong SAR,2000,890.0,6370300.0,0.013971084564306234,
Hong Kong SAR,2001,997.0,6441500.0,0.015477761390980362,
Hong Kong SAR,2002,1040.0,6492400.0,0.01601872959152239,
Hong Kong SAR,2003,1101.0,6493500.0,0.016955416955416955,
Hong Kong SAR,2004,1272.0,6555800.0,0.019402666341255072,
Hong Kong SAR,2005,1143.0,6592100.0,0.017338935999150498,
Hong Kong SAR,2006,1041.0,6644100.0,0.015668036302885262,
Hong Kong SAR,2007,918.0,6701800.0,0.013697812527977558,
Hong Kong SAR,2008,877.0,6738600.0,0.01301457275992046,
Hong Kong SAR,2009,1024.0,6746800.0,0.01517756566075769,
Hong Kong SAR,2010,1007.0,6786200.0,0.014838937844449028,
Hong Kong SAR,2011,816.0,6822400.0,0.011960600375234522,
Hong Kong SAR,2012,822.0,6887800.0,0.011934144429280756,
Hong Kong SAR,2013,997.0,6919200.0,0.014409180252052263,
Hong Kong SAR,2014,926.0,6964000.0,0.013296955772544515,
Hong Kong SAR,2015,990.0,7009500.0,0.014123689278835866,
Hungary,2000,3269.0,9527034.0,0.03431288268730856,313.1085815
Hungary,2001,2978.0,9704598.0,0.030686484901280814,359.6974792
Hungary,2002,2839.0,9680164.0,0.029328015517092482,473.1278381
Hungary,2003,2800.0,9652533.0,0.02900792983561932,682.8656616
Hungary,2004,2742.0,9630044.0,0.028473390152734507,798.4536133
Hungary,2005,2619.0,9608943.0,0.02725585946341861,895.2033081
Hungary,2006,2461.0,9591110.0,0.025659178134751867,893.2030029
Hungary,2007,2450.0,9572938.0,0.025592978874406168,1003.258179
Hungary,2008,2476.0,9552784.0,0.025919145664761185,1117.202271
Hungary,2009,2460.0,9534237.0,0.025801750050895533,943.6876831
Hungary,2010,2489.0,9514005.0,0.026161432540764903,983.1108398
Hungary,2011,2420.0,9495011.0,0.025487068945997008,1063.432251
Hungary,2012,2349.0,9453181.0,0.024848778416492814,961.1383667
Hungary,2013,2092.0,9433840.0,0.022175487394316632,990.6311646
Hungary,2014,1925.0,9412788.0,0.02045090147573705,1006.156494
Hungary,2015,1868.0,9389519.0,0.019894522818474515,870.5192261
Hungary,2016,1762.0,9355723.0,0.018833392138694144,914.5585938
Iceland,2000,50.0,259723.0,0.019251279247505998,2873.848145
Iceland,2001,36.0,263738.0,0.013649910138091591,2557.269531
Iceland,2002,30.0,266455.0,0.011258936781069977,3091.28833
Iceland,2003,26.0,268330.0,0.009689561361010695,3955.023926
Iceland,2004,35.0,271588.0,0.012887167326980573,4497.974121
Iceland,2005,33.0,274929.0,0.012003098981918968,5213.475586
Iceland,2006,32.0,282999.0,0.011307460450390284,5071.734375
Iceland,2007,37.0,289712.0,0.012771303915612743,6085.145996
Iceland,2008,38.0,296836.0,0.01280168173671657,4945.617188
Iceland,2009,36.0,296204.0,0.012153785904309192,3693.276367
Iceland,2010,46.0,294620.0,0.015613332428212612,3644.802734
Iceland,2011,27.0,295475.0,0.00913782891953634,3867.376953
Iceland,2012,37.0,297238.0,0.012447937343139169,3706.809326
Iceland,2013,49.0,300456.0,0.016308544345927524,4030.777832
Iceland,2014,44.0,304472.0,0.014451246748469482,4476.212891
Iceland,2015,40.0,308554.0,0.012963695171671731,4281.575684
Iceland,2016,40.0,313780.0,0.012747785072343679,5063.605957
Iran (Islamic Rep of),2013,2442.0,70575720.0,0.0034601134781196705,
Iran (Islamic Rep of),2014,2485.0,71510966.0,0.0034749915138889325,
Iran (Islamic Rep of),2015,2372.0,72460999.0,0.003273485092304621,
Ireland,2000,463.0,3523376.0,0.013140805863467312,1560.950562
Ireland,2001,488.0,3573974.0,0.013654268329875931,1822.140381
Ireland,2002,449.0,3639573.0,0.012336612014651171,2190.017822
Ireland,2003,454.0,3694079.0,0.012289937491861977,2904.407471
Ireland,2004,464.0,3752679.0,0.012364500134437292,3476.919678
Ireland,2005,451.0,3833357.0,0.01176514475432369,3936.624023
Ireland,2006,452.0,3937578.0,0.011479137683113831,4143.44873
Ireland,2007,458.0,4026707.0,0.011374058256535676,4852.221191
Ireland,2008,506.0,4094192.0,0.01235897095202179,5616.04834
Ireland,2009,527.0,4117667.0,0.012798509447218534,5480.83252
Ireland,2010,486.0,4264857.0,0.011395458276795679,5128.450684
Ireland,2011,554.0,4218849.0,0.013131543698293065,5563.418457
Ireland,2012,542.0,4220806.0,0.012841149297077385,5239.633789
Ireland,2013,487.0,4227378.0,0.011520143218798979,5330.228027
Ireland,2014,486.0,4328043.0,0.011229093611130942,5392.350098
Israel,2000,394.0,5643291.0,0.006981741682291414,1496.87854
Israel,2001,398.0,5777467.0,0.006888832078140819,1541.569824
Israel,2002,382.0,5895508.0,0.006479509484169982,1387.578247
Israel,2003,417.0,6003127.0,0.006946379778405488,1417.606812
Israel,2004,411.0,6109931.0,0.006726753542715948,1471.525635
Israel,2005,425.0,6220861.0,0.0068318517324209614,1537.728516
Israel,2006,367.0,6334485.0,0.005793683306535575,1576.017212
Israel,2007,326.0,6448814.0,0.0050551930944201535,1780.092896
Israel,2008,354.0,6565602.0,0.005391737117175242,2121.681152
Israel,2009,404.0,6731835.0,0.006001335445684572,2017.15918
Israel,2010,480.0,6849825.0,0.007007478293241068,2211.019043
Israel,2011,409.0,6971495.0,0.0058667473762801245,2410.748291
Israel,2012,430.0,7095360.0,0.00606029856131331,2376.651367
Israel,2013,372.0,7226008.0,0.005148070691313932,2648.820557
Israel,2014,382.0,7366252.0,0.005185812269251718,2788.500244
Israel,2015,342.0,7516180.0,0.004550183736951484,2640.311279
Italy,2000,4108.0,54298946.0,0.0075655243842118036,1520.453613
Italy,2001,4030.0,54333844.0,0.007417108202394073,1585.269897
Italy,2002,4069.0,54526842.0,0.007462379721165587,1754.255371
Italy,2003,4075.0,54937570.0,0.00741751045777962,2158.177002
Italy,2004,3986.0,54988156.0,0.007248833730667381,2561.030762
Italy,2005,3742.0,55244690.0,0.0067735016704772895,2676.486816
Italy,2006,3700.0,56180672.0,0.006585894878580306,2830.181885
Italy,2007,3757.0,56583578.0,0.006639735649095925,3088.470215
Italy,2008,3904.0,57009825.0,0.006847942437992047,3489.98584
Italy,2009,3974.0,57351830.0,0.006929159889056722,3324.373535
Italy,2010,3989.0,57637843.0,0.006920800280468511,3214.546387
Italy,2011,4153.0,56610149.0,0.007336140380058001,3387.575684
Italy,2012,4257.0,56795085.0,0.007495366896624945,3125.611572
Italy,2013,4290.0,57503331.0,0.007460437378836367,3195.553467
Italy,2014,4147.0,58100676.0,0.007137610584771853,3190.088135
Italy,2015,3988.0,58117697.0,0.006861937423294664,2708.835449
Jamaica,2000,3.0,2367841.0,0.00012669769634025257,195.5306549
Jamaica,2001,5.0,2391278.0,0.000209093212917946,181.1382446
Jamaica,2002,2.0,2415717.0,8.279115475860791e-05,174.9438477
Jamaica,2003,2.0,2440426.0,8.195290494364509e-05,158.3518372
Jamaica,2004,1.0,2464408.0,4.057769655024655e-05,196.0519257
Jamaica,2005,51.0,2487169.0,0.0020505241099418657,181.800415
Jamaica,2006,0.0,2512597.0,0.0,193.5884094
Jamaica,2009,36.0,2568883.0,0.0014013872955677626,206.9230194
Jamaica,2010,3.0,2586652.0,0.00011598003906207715,234.9303131
Jamaica,2011,50.0,2601037.0,0.0019223102170403566,251.7614441
Japan,2000,29989.0,119752660.0,0.025042449996517818,2740.465088
Japan,2001,29132.0,120066000.0,0.024263321839654857,2479.623535
Japan,2002,29715.0,120189000.0,0.024723560392382,2404.467041
Japan,2003,31881.0,120395000.0,0.026480335562108062,2642.032471
Japan,2004,30034.0,120500000.0,0.024924481327800826,2875.721924
Japan,2005,30369.0,120657507.0,0.025169590152397232,2883.083252
Japan,2006,29769.0,120702000.0,0.024663220162052,2754.157471
Japan,2007,30665.0,120704000.0,0.025405123276776246,2772.455566
Japan,2008,30073.0,120602000.0,0.024935739042470272,3213.398926
Japan,2009,30523.0,120496000.0,0.02533113132386137,3685.825439
Japan,2010,29411.0,121127267.0,0.02428107289830951,4060.190186
Japan,2011,28766.0,120927000.0,0.023787905099770936,5087.102051
Japan,2012,26338.0,120735000.0,0.021814718184453557,5212.069824
Japan,2013,25991.0,120514000.0,0.021566788920789292,4336.149902
Japan,2014,24357.0,120274000.0,0.020251259623858854,4099.464844
Japan,2015,23092.0,120376310.0,0.0191831764904573,3733.67334
Kazakhstan,2000,4428.0,13772422.0,0.032151207681553766,50.54031754
Kazakhstan,2001,4377.0,13772696.0,0.03178027018094351,51.12460327
Kazakhstan,2002,4240.0,13777476.0,0.03077486761726168,58.95573425
Kazakhstan,2003,4321.0,13811863.0,0.031284700695337044,75.36910248
Kazakhstan,2004,4394.0,13873328.0,0.03167228512149356,111.7101898
Kazakhstan,2005,3903.0,13947770.0,0.027982967886622738,143.4104767
Kazakhstan,2006,4076.0,14037676.0,0.029036145299264637,175.4342041
Kazakhstan,2007,4141.0,14125606.0,0.029315556444091676,178.9144897
Kazakhstan,2008,3997.0,14216053.0,0.02811610226833004,254.3148804
Kazakhstan,2009,3838.0,14370635.0,0.026707240146312254,249.3059998
Kazakhstan,2010,3609.0,14713167.0,0.02452904938821125,247.4310608
Kazakhstan,2011,3401.0,14853350.0,0.022897191542648628,310.8926392
Kazakhstan,2012,3240.0,15023549.0,0.021566142593870463,376.0975342
Kazakhstan,2013,3512.0,15215382.0,0.023081904877577174,394.0064392
Kazakhstan,2014,3119.0,15428844.0,0.0202153836022971,342.9827576
Kazakhstan,2015,2872.0,15646752.0,0.018355247146500442,316.4008484
Kiribati,2000,0.0,72440.0,0.0,68.88175964
Kiribati,2001,0.0,73851.0,0.0,90.61242676
Kuwait,2000,34.0,1973153.0,0.0017231304414812233,462.5890808
Kuwait,2001,30.0,2038530.0,0.0014716486880251944,596.6914673
Kuwait,2002,45.0,2158603.0,0.002084681620473982,635.4162598
Kuwait,2003,44.0,1950622.0,0.0022556907488995807,713.156311
Kuwait,2004,45.0,1996086.0,0.0022544118840571,742.3007813
Kuwait,2005,52.0,2062968.0,0.0025206401650437623,843.8959351
Kuwait,2006,45.0,2165713.0,0.002077837645154275,962.5648193
Kuwait,2007,51.0,3074918.0,0.0016585808141875652,976.8039551
Kuwait,2008,47.0,3369394.0,0.0013949095890833784,1074.297363
Kuwait,2009,61.0,3165654.0,0.0019269320020444429,1454.546265
Kuwait,2010,39.0,3281614.0,0.001188439591006133,1061.365601
Kuwait,2011,41.0,3333698.0,0.0012298654527194725,1263.820679
Kuwait,2012,56.0,3496698.0,0.0016015109111510346,1319.254395
Kuwait,2013,41.0,3574090.0,0.0011471451474361304,1251.391479
Kuwait,2014,68.0,3715284.0,0.0018302773085449187,1375.003296
Kyrgyzstan,2000,510.0,4369202.0,0.01167261206966398,
Kyrgyzstan,2001,560.0,4425784.0,0.01265312541235632,
Kyrgyzstan,2002,567.0,4473163.0,0.012675594428372048,
Kyrgyzstan,2003,479.0,4520843.0,0.01059536904953346,
Kyrgyzstan,2004,438.0,4572278.0,0.009579470014727887,
Kyrgyzstan,2005,470.0,4614533.0,0.010185212674825384,
Kyrgyzstan,2006,463.0,4646475.0,0.009964543013790024,
Kyrgyzstan,2007,482.0,4668640.0,0.010324205764419616,
Kyrgyzstan,2008,473.0,4690924.0,0.010083301285631572,
Kyrgyzstan,2009,458.0,4800134.0,0.009541400302574886,
Kyrgyzstan,2010,500.0,4837556.0,0.010335797663117492,
Kyrgyzstan,2011,471.0,4870538.0,0.009670389595564186,
Kyrgyzstan,2012,524.0,4932360.0,0.010623717652401691,
Kyrgyzstan,2013,446.0,5012200.0,0.008898288176848491,
Kyrgyzstan,2014,461.0,5096430.0,0.009045547569573209,
Kyrgyzstan,2015,417.0,5195827.0,0.0080256713705056,
Latvia,2000,770.0,2272107.0,0.03388924905385178,181.5707245
Latvia,2001,708.0,2242227.0,0.03157575035890657,205.0204773
Latvia,2002,670.0,2214484.0,0.03025535519787002,237.295166
Latvia,2003,604.0,2190211.0,0.0275772516894491,280.5087891
Latvia,2004,563.0,2163477.0,0.026022925133939487,393.2980652
Latvia,2005,564.0,2137831.0,0.02638187957794606,440.8097534
Latvia,2006,487.0,2115215.0,0.023023664261079844,552.3015747
Latvia,2007,453.0,2093878.0,0.02163449828500037,807.0426025
Latvia,2008,527.0,2067529.0,0.025489364357162585,913.5214844
Latvia,2009,516.0,2030316.0,0.025414763022110844,744.6616211
Latvia,2010,438.0,1987906.0,0.022033234971874927,689.0772095
Latvia,2011,440.0,1953611.0,0.022522395707231375,764.5917358
Latvia,2012,444.0,1931521.0,0.02298706563376738,745.5174561
Latvia,2013,383.0,1912464.0,0.020026520760652224,807.1300049
Latvia,2014,382.0,1894041.0,0.02016851799934637,855.6263428
Latvia,2015,387.0,1875522.0,0.02063425542329016,775.552002
Lithuania,2000,1631.0,3315125.0,0.04919874816183402,217.1761322
Lithuania,2001,1533.0,3294138.0,0.04653721246650869,218.8180237
Lithuania,2002,1551.0,3274488.0,0.04736618365985766,254.3668823
Lithuania,2003,1455.0,3254127.0,0.0447124528329718,338.8630676
Lithuania,2004,1380.0,3222969.0,0.042817662844414565,366.9596863
Lithuania,2005,1319.0,3174728.0,0.04154686637721405,438.9326782
Lithuania,2006,1049.0,3125767.0,0.03355976309174676,536.057373
Lithuania,2007,1025.0,3087867.0,0.03319443486393682,704.2931519
Lithuania,2008,1111.0,3053756.0,0.03638142667587063,936.5093384
Lithuania,2009,1138.0,3016497.0,0.03772587872621786,864.7363892
Lithuania,2010,1018.0,2949737.0,0.03451155136881695,805.2244873
Lithuania,2011,1018.0,2879805.0,0.035349615685784284,925.4716187
Lithuania,2012,927.0,2837770.0,0.0326664951705036,896.9370728
Lithuania,2013,1085.0,2806627.0,0.038658503605929824,958.9271851
Lithuania,2014,930.0,2781577.0,0.03343427127848698,1021.232971
Lithuania,2015,896.0,2753926.0,0.0325353695052082,920.1997681
Lithuania,2016,826.0,2717150.0,0.030399499475553426,988.5279541
Luxembourg,2000,62.0,410164.0,0.015115904857569166,2893.994141
Luxembourg,2001,73.0,413930.0,0.01763583214553185,3106.483398
Luxembourg,2002,85.0,418106.0,0.02032977283272663,3583.946777
Luxembourg,2003,48.0,423654.0,0.011330000424875015,4597.075195
Luxembourg,2004,62.0,430128.0,0.014414313878659374,5600.30127
Luxembourg,2005,49.0,437338.0,0.011204148736217754,5815.830566
Luxembourg,2006,65.0,444821.0,0.014612619458164071,6065.344238
Luxembourg,2007,78.0,452012.0,0.017256179039494526,6662.445313
Luxembourg,2008,43.0,460371.0,0.00934029293765246,7548.198242
Luxembourg,2009,48.0,469209.0,0.010229982800841416,7639.851074
Luxembourg,2010,54.0,477979.0,0.011297567466353124,7452.205078
Luxembourg,2011,55.0,488918.0,0.011249330153522677,7164.688477
Luxembourg,2012,51.0,501044.0,0.010178746776730186,7096.870117
Luxembourg,2013,40.0,512689.0,0.007802000823111086,6522.022949
Luxembourg,2014,67.0,524940.0,0.012763363432011279,6680.973633
Luxembourg,2015,64.0,537748.0,0.011901485454153246,5567.418457
Maldives,2000,0.0,247387.0,0.0,221.1403198
Maldives,2001,3.0,255503.0,0.0011741545109059384,229.5926819
Maldives,2002,3.0,263747.0,0.0011374536961557857,247.1714325
Maldives,2003,4.0,272110.0,0.0014699937525265519,235.9890747
Maldives,2004,1.0,280526.0,0.0003564731967803341,295.7519531
Maldives,2005,1.0,288936.0,0.00034609740565384723,322.0964355
Maldives,2007,5.0,305536.0,0.001636468370339338,461.7489624
Maldives,2008,0.0,313924.0,0.0,755.1884766
Maldives,2010,1.0,331559.0,0.0003016054457879291,602.659668
Maldives,2011,2.0,341018.0,0.000586479306077685,585.9229736
Malta,2000,23.0,362676.0,0.006341748557941524,647.1015015
Malta,2001,30.0,370541.0,0.008096270048388705,685.9840088
Malta,2002,19.0,374456.0,0.005074027389065738,830.6463013
Malta,2003,20.0,377785.0,0.005294016437921039,1074.09314
Malta,2004,24.0,380918.0,0.006300568626318524,1223.857422
Malta,2005,19.0,384111.0,0.004946486822819445,1379.686401
Malta,2006,26.0,386038.0,0.006735088255560333,1474.484497
Malta,2007,26.0,387581.0,0.006708275173447614,1596.123169
Malta,2008,14.0,390195.0,0.003587949614936122,1751.165039
Malta,2009,36.0,393102.0,0.0091579284765786,1677.362305
Malta,2010,31.0,394949.0,0.007849114695821486,1733.668823
Malta,2011,20.0,396423.0,0.005045115949377306,1960.061157
Malta,2012,25.0,399138.0,0.006263497837840547,1898.60144
Malta,2013,22.0,402728.0,0.005462744085337996,2121.082275
Malta,2014,32.0,406525.0,0.007871594612877437,2462.484619
Malta,2015,34.0,410637.0,0.008279818915489838,2249.858643
Martinique,2000,33.0,359606.0,0.009176710066016695,
Martinique,2001,40.0,362334.0,0.011039538105725655,
Martinique,2002,31.0,365218.0,0.008488081091293419,
Martinique,2003,32.0,368047.0,0.008694541729724736,
Martinique,2004,34.0,370468.0,0.009177580789703836,
Martinique,2005,26.0,372121.0,0.006986974666842237,
Martinique,2006,36.0,372833.0,0.00965579763593888,
Martinique,2007,32.0,372982.0,0.008579502496099008,
Martinique,2008,50.0,372600.0,0.013419216317767043,
Martinique,2009,26.0,371899.0,0.006991145445403186,
Martinique,2010,26.0,371079.0,0.007006594283158033,
Martinique,2011,37.0,367787.0,0.010060170696626037,
Martinique,2013,27.0,367843.0,0.007340088026685299,
Martinique,2014,32.0,366824.0,0.008723529540051905,
Mauritius,2000,137.0,1056073.0,0.012972588069195974,118.9770737
Mauritius,2001,113.0,1068947.0,0.010571150861548795,119.4685364
Mauritius,2002,131.0,1079755.0,0.012132381882927146,135.9414368
Mauritius,2003,88.0,1092234.0,0.008056881583982921,162.0018463
Mauritius,2004,97.0,1103091.0,0.00879347216140826,189.9288025
Mauritius,2005,102.0,1113942.0,0.009156670634557277,197.6750488
Mauritius,2006,118.0,1125301.0,0.01048608327905156,209.1470184
Mauritius,2007,127.0,1135233.0,0.011187130747608642,235.8463745
Mauritius,2008,84.0,1146258.0,0.007328193129295498,321.8082581
Mauritius,2009,115.0,1159551.0,0.009917631910972436,310.1473694
Mauritius,2010,98.0,1164931.0,0.008412515419368185,367.1207886
Mauritius,2011,118.0,1173352.0,0.010056658189528805,396.6302185
Mauritius,2012,115.0,1180547.0,0.009741247065978738,398.1590576
Mauritius,2013,98.0,1147390.0,0.008541123767855742,452.5140686
Mauritius,2014,120.0,1151424.0,0.010421877605469402,559.505127
Mauritius,2015,104.0,1154848.0,0.009005514145584526,529.161377
Mauritius,2016,98.0,1157229.0,0.008468505369291644,553.0965576
Mayotte,2011,0.0,179194.0,0.0,
Mayotte,2012,2.0,185190.0,0.0010799719207300609,
Mayotte,2013,3.0,191591.0,0.0015658355559499142,
Mayotte,2014,1.0,198113.0,0.0005047624335606446,
Mexico,2000,3456.0,89694793.0,0.0038530664762223147,309.6332703
Mexico,2001,3760.0,91052714.0,0.004129476030774876,353.9034424
Mexico,2002,3826.0,92394316.0,0.0041409473716976265,375.2424011
Mexico,2003,4070.0,93758859.0,0.004340923133460914,401.4545898
Mexico,2004,4056.0,95193068.0,0.004260814453422176,435.2888489
Mexico,2005,4274.0,96730008.0,0.004418484075799932,472.1081238
Mexico,2006,4230.0,98468839.0,0.004295775235046694,501.0375671
Mexico,2007,4285.0,100294297.0,0.004272426377344267,542.7859497
Mexico,2008,4642.0,102170587.0,0.004543381942202211,556.534668
Mexico,2009,5023.0,104044342.0,0.004827749307117536,477.6488647
Mexico,2010,4858.0,105875861.0,0.004588392438197032,538.744751
Mexico,2011,5558.0,107655100.0,0.005162783741782786,565.1291504
Mexico,2012,5381.0,109368765.0,0.0049200518996442896,580.7484741
Mexico,2013,5711.0,111036708.0,0.005143344127241236,617.8746948
Mexico,2014,6178.0,112692589.0,0.0054821706154962865,595.8328247
Mexico,2015,6234.0,114357884.0,0.005451307581032192,539.0283203
Mongolia,2016,450.0,2698164.0,0.01667800771191076,163.4577332
Montenegro,2000,0.0,578668.0,0.0,..
Montenegro,2001,0.0,578668.0,0.0,..
Montenegro,2002,0.0,578668.0,0.0,..
Montenegro,2003,0.0,579688.0,0.0,..
Montenegro,2004,0.0,581623.0,0.0,..
Montenegro,2005,118.0,583232.0,0.0202320860309448,..
Montenegro,2006,0.0,584885.0,0.0,..
Montenegro,2007,121.0,587244.0,0.02060472307933329,..
Montenegro,2008,126.0,589953.0,0.02135763357419998,..
Montenegro,2009,107.0,592234.0,0.01806718290405481,..
Netherlands,2000,1501.0,14933235.0,0.010051405472424429,2023.143677
Netherlands,2001,1474.0,15038337.0,0.00980161569726759,2173.828369
Netherlands,2002,1570.0,15130318.0,0.010376516871621602,2532.855225
Netherlands,2003,1502.0,15203397.0,0.009879371037933168,3237.084473
Netherlands,2004,1514.0,15265861.0,0.009917553946023745,3682.854004
Netherlands,2005,1574.0,15320595.0,0.010273752422800812,3821.959473
Netherlands,2006,1525.0,15368697.0,0.009922767037439805,4076.595703
Netherlands,2007,1354.0,15425404.0,0.008777727960966208,4689.932617
Netherlands,2008,1439.0,15506963.0,0.009279702285998876,5360.748535
Netherlands,2009,1530.0,15602176.0,0.009806324451153479,5261.570801
Netherlands,2010,1604.0,15691409.0,0.010222154046204518,5186.632813
Netherlands,2011,1650.0,15772162.0,0.010461470025479069,5554.845215
Netherlands,2012,1756.0,15839503.0,0.01108620642958305,5284.94873
Netherlands,2013,1856.0,15899508.0,0.011673317186921758,5531.153809
Netherlands,2014,1839.0,15899508.0,0.01156639563941224,5594.431152
Netherlands,2015,1873.0,16057342.0,0.011664446083293235,4674.679688
Netherlands,2016,1895.0,16155753.0,0.011729567789257486,4753.376953
New Zealand,2000,458.0,3573690.0,0.012815884981629631,1053.891602
New Zealand,2001,508.0,3599090.0,0.014114678988299819,1049.376099
New Zealand,2002,467.0,3659190.0,0.01276238730429412,1246.313477
New Zealand,2003,519.0,3729420.0,0.013916373055327638,1610.937622
New Zealand,2004,495.0,3802510.0,0.01301771724466208,1983.658813
New Zealand,2005,514.0,3849280.0,0.01335314656247402,2295.177979
New Zealand,2006,527.0,3898600.0,0.013517673010824398,2301.875977
New Zealand,2007,494.0,3935450.0,0.012552567050781996,2699.345703
New Zealand,2008,520.0,3968450.0,0.013103352694376895,2839.066162
New Zealand,2009,512.0,4009980.0,0.012768143482012379,2700.886475
New Zealand,2010,536.0,4055470.0,0.013216717174581491,3216.223633
New Zealand,2011,493.0,4090460.0,0.01205243420055446,3626.029297
New Zealand,2012,549.0,4120870.0,0.013322429486977266,3806.579834
New Zealand,2013,513.0,4129770.0,0.012421999288095948,3955.531982
Nicaragua,2010,351.0,5107427.0,0.006872344920446243,107.6079636
Nicaragua,2011,369.0,5177921.0,0.0071264123187665465,124.9501953
Nicaragua,2012,316.0,5251443.0,0.006017393695409053,137.0510101
Nicaragua,2013,351.0,5326935.0,0.006589154926801247,138.9812775
Nicaragua,2014,311.0,5402424.0,0.005756675151746698,158.2309265
Nicaragua,2015,315.0,5476483.0,0.005751866663331193,165.9104309
Norway,2000,541.0,4168315.0,0.012978865560784154,2948.931641
Norway,2001,549.0,4215103.0,0.013024592756096352,3099.003418
Norway,2002,494.0,4243689.0,0.011640815337787477,3889.959473
Norway,2003,502.0,4273124.0,0.011747845370272429,4632.568359
Norway,2004,529.0,4301960.0,0.012296720564579866,5097.344238
Norway,2005,533.0,4335092.0,0.01229501011743234,5584.689453
Norway,2006,532.0,4372103.0,0.01216805733991171,5892.987305
Norway,2007,485.0,4417369.0,0.01097938614591627,6895.560547
Norway,2008,505.0,4472089.0,0.01129226184899272,7768.050293
Norway,2009,573.0,4527536.0,0.01265589053295214,7301.959961
Norway,2010,548.0,4582885.0,0.011957533300530123,7859.516113
Norway,2011,598.0,4643300.0,0.012878771563327805,8900.37207
Norway,2012,515.0,4706585.0,0.0109421162052741,8970.120117
Norway,2013,554.0,4767605.0,0.011620090171060731,9241.265625
Norway,2014,548.0,4827178.0,0.01135238849696448,9118.317383
Norway,2015,590.0,4882909.0,0.012082961202021172,7565.549805
Oman,2009,13.0,2607549.0,0.0004985524720724328,475.0041504
Oman,2010,13.0,2748440.0,0.000472995590225728,529.076416
Oman,2014,7.0,3631098.0,0.0001927791538537379,721.9329224
Panama,2000,143.0,2688510.0,0.0053189313039564675,286.1367188
Panama,2001,162.0,2742982.0,0.005905981154816182,281.7444153
Panama,2002,160.0,2800046.0,0.005714191838276942,292.8473816
Panama,2003,195.0,2858964.0,0.006820652516086246,287.9050598
Panama,2004,186.0,2918453.0,0.006373239521075035,326.3393555
Panama,2005,172.0,2977595.0,0.005776473966405774,304.6506348
Panama,2006,185.0,3037959.0,0.006089614770969589,350.4006653
Panama,2007,171.0,3097138.0,0.005521226370926966,427.019165
Panama,2008,186.0,3155636.0,0.005894215936185289,489.8070374
Panama,2009,177.0,3214513.0,0.0055062773116798715,529.855896
Panama,2010,151.0,3274415.0,0.004611510758410281,579.5228271
Panama,2011,144.0,3334191.0,0.004318888749924644,619.0647583
Panama,2012,135.0,3395244.0,0.003976150167705178,705.2017822
Panama,2013,130.0,3457387.0,0.0037600650433405342,790.0667725
Panama,2014,147.0,3520213.0,0.004175883675220789,883.6765747
Panama,2015,110.0,3583382.0,0.003069725750701432,927.7602539
Paraguay,2000,154.0,4598158.0,0.003349167210000178,91.90170288
Paraguay,2001,152.0,4701314.0,0.003233138650173122,79.24260712
Paraguay,2002,177.0,4809921.0,0.0036798941188431154,54.75959778
Paraguay,2003,174.0,4920489.0,0.0035362338987039704,58.95074463
Paraguay,2004,234.0,5027301.0,0.004654585034793023,71.39472198
Paraguay,2005,239.0,5126457.0,0.004662089236289311,75.647789
Paraguay,2006,251.0,5223460.0,0.004805244033648196,96.63381958
Paraguay,2007,227.0,5307169.0,0.0042772333046111775,124.958519
Paraguay,2008,222.0,5382169.0,0.004124731126057171,169.1345367
Paraguay,2009,283.0,5456220.0,0.005186741003845152,162.8451996
Paraguay,2010,223.0,5534703.0,0.004029123152588314,202.8670044
Paraguay,2011,298.0,5610499.0,0.005311470512694147,270.7251892
Paraguay,2012,275.0,5695283.0,0.004828557246409002,341.3824463
Paraguay,2013,323.0,5786207.0,0.005582240663011192,362.3774414
Paraguay,2014,379.0,5877594.0,0.006448216736304004,408.5275574
Philippines,2000,1403.0,67243482.0,0.002086447575692169,32.77552414
Philippines,2001,1204.0,68738092.0,0.001751576112994233,28.211586
Philippines,2002,1301.0,70256443.0,0.0018517874581267942,27.3349247
Philippines,2003,1544.0,71781489.0,0.002150972376736292,32.25115585
Philippines,2006,1788.0,76435755.0,0.0023392193875758803,54.91727829
Philippines,2007,1698.0,78008654.0,0.0021766815768927373,65.56161499
Philippines,2008,1820.0,79595888.0,0.0022865502800848204,77.3146286
Philippines,2009,2074.0,81193855.0,0.0025543805008396265,79.46684265
Philippines,2010,2116.0,82760992.0,0.0025567600736346907,91.84031677
Philippines,2011,2449.0,84201767.0,0.002908490032044102,98.94901276
Poland,2000,5841.0,36233344.0,0.016120510433704383,238.0044861
Poland,2001,5855.0,36295390.0,0.016131525243288473,282.8210449
Poland,2002,5925.0,36347498.0,0.016300984458407566,315.8314514
Poland,2003,5836.0,36353775.0,0.01605335346879382,339.3352051
Poland,2004,6072.0,36371596.0,0.016694345774653386,392.0033875
Poland,2005,6045.0,36371365.0,0.016620217580505983,465.7001953
Poland,2006,5805.0,36348232.0,0.015970515429746347,524.0974731
Poland,2007,5284.0,36310843.0,0.01455212703268828,660.9246826
Poland,2008,5682.0,36262711.0,0.0156689884548345,892.5968628
Poland,2009,6477.0,36223402.0,0.01788070595909241,759.6057739
Poland,2010,6357.0,36027791.0,0.01764471210571861,809.1994019
Poland,2011,6113.0,36008237.0,0.016976671198870415,866.0946655
Poland,2012,6368.0,36013446.0,0.017682284555607372,815.1418457
Poland,2013,6218.0,36023694.0,0.017260861698414384,878.088501
Poland,2014,5934.0,36059630.0,0.0164560756724348,911.2981567
Poland,2015,5420.0,36086575.0,0.015019435898253018,803.9596558
Portugal,2000,524.0,9740085.0,0.0053798298474807965,967.1439209
Portugal,2001,761.0,9809536.0,0.007757757349583098,988.7559204
Portugal,2002,1210.0,9859832.0,0.012272014371035936,1105.169556
Portugal,2003,1156.0,9895009.0,0.011682657388184286,1405.871094
Portugal,2007,1020.0,10005713.0,0.0101941760672128,2067.124023
Portugal,2008,1038.0,10030640.0,0.01034829283076653,2322.031494
Portugal,2009,1025.0,10049918.0,0.010199088191565344,2279.470703
Portugal,2010,1099.0,10066628.0,0.010917260476894544,2213.0979
Portugal,2011,1017.0,10062815.0,0.010106515920246969,2207.695557
Portugal,2012,1076.0,10029396.0,0.0107284626113078,1918.599243
Portugal,2013,1052.0,9985074.0,0.010535725624066482,1959.424683
Portugal,2014,1222.0,9944433.0,0.012288282298246668,1986.894531
Puerto Rico,2000,305.0,3511947.0,0.00868464131150043,..
Puerto Rico,2001,289.0,3522212.0,0.008205071131436722,..
Puerto Rico,2002,239.0,3523951.0,0.006782160137867978,..
Puerto Rico,2003,262.0,3519026.0,0.0074452419504715235,..
Puerto Rico,2004,279.0,3511462.0,0.007945408493670158,..
Puerto Rico,2005,289.0,3504599.0,0.008246307209469613,..
Puerto Rico,2006,265.0,3499036.0,0.007573514533717287,..
Puerto Rico,2007,271.0,3493631.0,0.007756972616741724,..
Puerto Rico,2008,300.0,3488811.0,0.008598918084126656,..
Puerto Rico,2009,330.0,3484474.0,0.009470582934468732,..
Puerto Rico,2010,286.0,3480379.0,0.008217495853181506,..
Puerto Rico,2011,258.0,3475298.0,0.007423823798707334,..
Puerto Rico,2012,248.0,3472672.0,0.0071414749219045155,..
Puerto Rico,2013,241.0,3471665.0,0.006941914038364878,..
Puerto Rico,2014,220.0,3470956.0,0.006338311404696572,..
Puerto Rico,2015,226.0,3469521.0,0.0065138674762308686,..
Qatar,2001,23.0,539483.0,0.004263341013525913,657.979187
Qatar,2004,21.0,697191.0,0.003012087075134361,1285.689331
Qatar,2005,17.0,796618.0,0.0021340215762134427,1322.78479
Qatar,2006,29.0,940090.0,0.0030848110287312923,1327.681519
Qatar,2007,41.0,1115479.0,0.00367555104130154,1322.241699
Qatar,2008,33.0,1310465.0,0.002518190108091403,1327.578979
Qatar,2009,44.0,1506649.0,0.002920388225791143,1321.488647
Qatar,2010,47.0,1689592.0,0.0027817366559500754,1257.945923
Qatar,2011,50.0,1854081.0,0.0026967538095692693,1375.136475
Qatar,2012,43.0,2003149.0,0.002146620146579211,1548.309204
Qatar,2013,37.0,2135349.0,0.001732737833487641,1833.387329
Qatar,2014,55.0,2251682.0,0.00244261845145096,2104.407227
Qatar,2015,66.0,2354147.0,0.0028035632439265693,2031.892944
Qatar,2016,70.0,2439861.0,0.002869015898856533,1800.474365
Republic of Korea,2000,6444.0,44271743.0,0.014555559739312725,
Republic of Korea,2001,6911.0,44710865.0,0.015457093035440043,
Republic of Korea,2002,8611.0,45110041.0,0.019088876465441475,
Republic of Korea,2003,10898.0,45455888.0,0.023974891877593503,
Republic of Korea,2004,11492.0,45779970.0,0.025102681369166473,
Republic of Korea,2005,12011.0,46151884.0,0.02602493974027149,
Republic of Korea,2006,10653.0,46513964.0,0.022902799683983077,
Republic of Korea,2007,12174.0,46814207.0,0.02600492623959218,
Republic of Korea,2008,12858.0,47101747.0,0.027298350526149272,
Republic of Korea,2009,15402.0,47380017.0,0.032507375419472725,
Republic of Korea,2010,15558.0,47598615.0,0.032685824997218935,
Republic of Korea,2011,15906.0,47798017.0,0.03327753115783025,
Republic of Korea,2012,14159.0,48020985.0,0.02948502618178282,
Republic of Korea,2013,14426.0,48248224.0,0.02989954614702502,
Republic of Korea,2014,13834.0,48465917.0,0.02854377025405297,
Republic of Korea,2015,13510.0,48671752.0,0.02775737351718919,
Republic of Moldova,2000,544.0,3429938.0,0.015860344997489752,
Republic of Moldova,2001,622.0,3431822.0,0.01812448314627041,
Republic of Moldova,2002,583.0,3432661.0,0.016983908402257025,
Republic of Moldova,2003,620.0,3429646.0,0.01807766749104718,
Republic of Moldova,2004,603.0,3423072.0,0.017615755672098048,
Republic of Moldova,2005,631.0,3413927.0,0.018483113435055883,
Republic of Moldova,2006,637.0,3401676.0,0.018726063269988092,
Republic of Moldova,2007,562.0,3391098.0,0.01657280326313188,
Republic of Moldova,2008,620.0,3382884.0,0.018327557196758743,
Republic of Moldova,2009,651.0,3376100.0,0.019282604188264562,
Republic of Moldova,2010,676.0,3370322.0,0.02005743071433531,
Republic of Moldova,2011,502.0,3366699.0,0.014910747886876732,
Republic of Moldova,2012,571.0,3365119.0,0.016968196369875774,
Republic of Moldova,2013,576.0,3363814.0,0.017123420022629073,
Republic of Moldova,2014,581.0,3362985.0,0.01727631850870581,
Republic of Moldova,2015,556.0,3362560.0,0.016535020936429386,
Republic of Moldova,2016,546.0,3362300.0,0.016238884097195372,
Reunion,2001,97.0,677218.0,0.014323305050958482,
Reunion,2002,93.0,687808.0,0.013521215222852887,
Reunion,2003,107.0,697860.0,0.015332588198205944,
Reunion,2004,80.0,707571.0,0.011306285870958532,
Reunion,2005,89.0,717073.0,0.012411567580985477,
Reunion,2006,92.0,725190.0,0.012686330478908976,
Reunion,2007,92.0,733905.0,0.012535682411211262,
Reunion,2008,93.0,742881.0,0.01251882872223142,
Reunion,2009,99.0,751564.0,0.013172530882266845,
Reunion,2010,89.0,759553.0,0.011717418007696632,
Reunion,2011,76.0,766113.0,0.009920207593396796,
Reunion,2012,84.0,774900.0,0.010840108401084009,
Reunion,2013,93.0,781254.0,0.011903939051832057,
Reunion,2014,82.0,787580.0,0.010411640722212349,
Rodrigues,2004,1.0,32647.0,0.003063068582105553,
Rodrigues,2005,1.0,32745.0,0.003053901358986105,
Rodrigues,2006,3.0,32871.0,0.009126585744273066,
Rodrigues,2007,1.0,33043.0,0.003026359592046727,
Rodrigues,2008,2.0,33344.0,0.005998080614203455,
Rodrigues,2010,5.0,33866.0,0.01476407015886139,
Rodrigues,2011,3.0,34145.0,0.008786059452335628,
Rodrigues,2012,1.0,34509.0,0.00289779477817381,
Rodrigues,2013,2.0,37773.0,0.005294787281920949,
Rodrigues,2014,6.0,38170.0,0.015719151165837046,
Rodrigues,2015,2.0,38533.0,0.005190356317961228,
Rodrigues,2016,8.0,38758.0,0.020640899943237527,
Romania,2000,2836.0,21290400.0,0.013320557622214707,69.89345551
Romania,2001,2720.0,21272887.0,0.012786228780324926,78.8175354
Romania,2002,3067.0,20700580.0,0.014816009986193625,96.57698822
Romania,2003,2894.0,20656841.0,0.014009886603668005,143.5455322
Romania,2004,2720.0,20610767.0,0.013196985827844251,190.7950592
Romania,2005,2603.0,20569960.0,0.012654375604036178,254.5296173
Romania,2006,2721.0,20526561.0,0.01325599548799236,291.0040894
Romania,2007,2430.0,20475026.0,0.011868116797507364,415.0679016
Romania,2008,2472.0,20433803.0,0.01209760121500633,521.3156128
Romania,2009,2586.0,20390882.0,0.012682139007032654,449.3769226
Romania,2010,2766.0,20348649.0,0.013593040009683198,472.2075195
Romania,2011,2536.0,20291701.0,0.01249772012706081,426.5997314
Romania,2012,2495.0,19041594.0,0.01310289464211872,401.671051
Romania,2013,2407.0,19003345.0,0.012666191136349942,495.2362366
Romania,2014,2209.0,18952235.0,0.011655617398159108,503.3475342
Romania,2015,2228.0,18863927.0,0.011810902364072971,442.2440186
Romania,2016,1969.0,18743783.0,0.010504816450339828,476.2435608
Russian Federation,2000,56619.0,138205695.0,0.04096719748053797,95.41753387
Russian Federation,2001,56958.0,137521509.0,0.04141752109482743,118.1223373
Russian Federation,2002,55024.0,136590900.0,0.04028379635832256,140.7755737
Russian Federation,2003,51445.0,137019868.0,0.03754564994910081,164.6775513
Russian Federation,2004,49096.0,137071699.0,0.03581775111724558,209.2494354
Russian Federation,2005,45802.0,136162191.0,0.0336378253490354,271.9867249
Russian Federation,2006,42614.0,135357462.0,0.03148256429335237,352.7495422
Russian Federation,2007,41149.0,134778964.0,0.030530728816108126,461.8795166
Russian Federation,2008,38211.0,134385949.0,0.028433776212719974,609.8651123
Russian Federation,2009,37408.0,134085433.0,0.027898630867679717,516.6986084
Russian Federation,2010,33356.0,134865987.0,0.024732700024654844,567.3776855
Russian Federation,2011,31038.0,134745874.0,0.02303447154159244,684.7526245
Russian Federation,2012,29643.0,134668522.0,0.022011825450939455,760.0706787
Russian Federation,2013,28690.0,134713962.0,0.021296975884355626,811.1694336
Russian Federation,2014,26541.0,134713962.0,0.019701744055304383,742.2849731
Russian Federation,2015,25432.0,137018943.0,0.018560937227489777,501.853302
Saint Lucia,2000,14.0,141100.0,0.009922041105598866,
Saint Lucia,2001,7.0,143166.0,0.004889429054384421,
Saint Lucia,2002,12.0,145168.0,0.008266284580623829,
Saint Lucia,2003,10.0,147127.0,0.006796848980812495,
Saint Lucia,2004,8.0,149121.0,0.005364770890753147,
Saint Lucia,2005,4.0,151169.0,0.002646045154760566,
Saint Lucia,2006,2.0,153460.0,0.0013032712107389547,
Saint Lucia,2008,0.0,157876.0,0.0,
Saint Lucia,2009,13.0,159820.0,0.008134150919784757,
Saint Lucia,2010,4.0,161503.0,0.002476734178312477,
Saint Lucia,2011,8.0,162892.0,0.004911229526311912,
Saint Lucia,2012,10.0,163940.0,0.00609979260705136,
Saint Lucia,2013,14.0,164790.0,0.008495661144486922,
Saint Lucia,2014,14.0,165596.0,0.00845431049059156,
Saint Vincent and Grenadines,2000,5.0,96956.0,0.005156978423202278,
Saint Vincent and Grenadines,2001,8.0,97341.0,0.008218530732168355,
Saint Vincent and Grenadines,2002,7.0,97799.0,0.0071575373981329045,
Saint Vincent and Grenadines,2003,4.0,98292.0,0.004069507182680177,
Saint Vincent and Grenadines,2004,4.0,98740.0,0.004051043143609479,
Saint Vincent and Grenadines,2005,8.0,99118.0,0.008071187877075808,
Saint Vincent and Grenadines,2006,6.0,99463.0,0.006032393955541257,
Saint Vincent and Grenadines,2007,11.0,99689.0,0.011034316725014795,
Saint Vincent and Grenadines,2008,4.0,99826.0,0.004006972131508825,
Saint Vincent and Grenadines,2009,1.0,99927.0,0.0010007305332893012,
Saint Vincent and Grenadines,2010,5.0,100050.0,0.0049975012493753135,
Saint Vincent and Grenadines,2011,5.0,100037.0,0.004998150684246828,
Saint Vincent and Grenadines,2012,10.0,100167.0,0.00998332784250302,
Saint Vincent and Grenadines,2013,0.0,100398.0,0.0,
Saint Vincent and Grenadines,2014,2.0,100676.0,0.0019865707815169453,
Saint Vincent and Grenadines,2015,3.0,100948.0,0.0029718270792883465,
San Marino,2000,1.0,25369.0,0.003941818755173637,1934.978027
San Marino,2005,1.0,28264.0,0.0035380696292103024,3012.349609
Serbia,2000,1543.0,7149140.0,0.021583015579496274,56.50499725
Serbia,2001,1442.0,7142410.0,0.02018926384791688,112.2206192
Serbia,2002,1446.0,7138113.0,0.0202574545961937,173.2740631
Serbia,2003,1378.0,7111975.0,0.019375771146552118,230.1070862
Serbia,2004,1345.0,7086364.0,0.018980114484663784,274.4285583
Serbia,2005,1437.0,7058982.0,0.020357042984385,307.5655823
Serbia,2006,1443.0,7031811.0,0.02052102936213729,371.557312
Serbia,2007,1353.0,7009610.0,0.019302072440549475,547.1903687
Serbia,2008,1289.0,6988532.0,0.01844450308018909,671.9564819
Serbia,2009,1373.0,6968240.0,0.01970368414405933,575.4691162
Serbia,2010,1207.0,6944871.0,0.01737973246731293,545.2910767
Serbia,2011,1256.0,6900027.0,0.0182028273222699,619.0800171
Serbia,2012,1243.0,6867174.0,0.018100604411654637,559.8135986
Serbia,2013,1197.0,6832840.0,0.01751833790927345,627.53302
Serbia,2014,1134.0,6801810.0,0.016672032885364337,608.8585815
Serbia,2015,1062.0,6766406.0,0.015695185893367908,491.25177
Seychelles,2001,6.0,75363.0,0.007961466502129692,406.5769653
Seychelles,2002,5.0,76904.0,0.006501612399875168,377.6629639
Seychelles,2003,8.0,78402.0,0.010203821331088492,440.1113281
Seychelles,2004,6.0,79735.0,0.0075249263184297985,498.4817505
Seychelles,2005,5.0,80900.0,0.006180469715698394,515.4780273
Seychelles,2006,8.0,81691.0,0.00979300045292627,530.3119507
Seychelles,2007,6.0,82331.0,0.007287655925471572,468.2055969
Seychelles,2008,4.0,82900.0,0.004825090470446321,425.572876
Seychelles,2009,4.0,83429.0,0.004794495918685349,361.5524292
Seychelles,2010,6.0,83885.0,0.0071526494605710185,512.2929688
Seychelles,2011,5.0,80717.0,0.006194481955474064,532.2078857
Seychelles,2012,3.0,81224.0,0.0036934896089825674,657.9508667
Seychelles,2013,9.0,82541.0,0.010903672114464328,645.4216309
Seychelles,2014,4.0,83845.0,0.0047707078537778036,682.2625122
Seychelles,2015,7.0,85949.0,0.008144364681380821,674.2251587
Singapore,2000,309.0,3047600.0,0.010139125869536685,820.6981812
Singapore,2001,305.0,3103000.0,0.009829197550757332,706.734375
Singapore,2002,321.0,3165200.0,0.010141539239226588,752.2897339
Singapore,2003,320.0,3226200.0,0.00991878990763127,828.8669434
Singapore,2004,335.0,3281400.0,0.01020905710977022,829.2338867
Singapore,2005,359.0,3342400.0,0.010740785064624222,863.3361816
Singapore,2006,372.0,3411900.0,0.010903015914886134,945.7785034
Singapore,2007,328.0,3389600.0,0.009676658012744869,1084.877319
Singapore,2008,319.0,3448900.0,0.009249325872017166,1275.143311
Singapore,2009,349.0,3536100.0,0.009869630383756116,1328.818115
Singapore,2010,296.0,3576800.0,0.008275553567434578,1513.565918
Singapore,2011,308.0,3600900.0,0.008553417201255242,1704.372925
Singapore,2012,392.0,3631600.0,0.01079414032382421,1863.081055
Singapore,2013,357.0,3661456.0,0.009750219584777205,2114.615234
Singapore,2014,355.0,3689370.0,0.009622239027259396,2237.400879
Singapore,2015,329.0,3719115.0,0.008846190558775406,2326.265137
Slovakia,2000,729.0,5111813.0,0.014261085059253931,
Slovakia,2001,692.0,5100256.0,0.013567946393279082,
Slovakia,2002,717.0,5107584.0,0.01403794827456582,
Slovakia,2003,753.0,5113982.0,0.014724338098960846,
Slovakia,2004,676.0,5121210.0,0.013200005467457887,
Slovakia,2005,679.0,5126946.0,0.01324375173836432,
Slovakia,2006,0.0,5129369.0,0.0,
Slovakia,2007,0.0,5132660.0,0.0,
Slovakia,2008,591.0,5137067.0,0.011504619270101012,
Slovakia,2009,601.0,5141744.0,0.011688641052530035,
Slovakia,2010,631.0,5147562.0,0.01225823020684355,
Slovakia,2012,571.0,5116922.0,0.011159052258369388,
Slovakia,2013,616.0,5122209.0,0.01202606141217588,
Slovakia,2014,554.0,5129686.0,0.010799881318271722,
Slovenia,2000,588.0,1886483.0,0.031169112046066674,796.6470337
Slovenia,2001,581.0,1901330.0,0.030557557078466132,826.225769
Slovenia,2002,540.0,1906124.0,0.028329741401923486,944.8713989
Slovenia,2003,562.0,1907589.0,0.029461272842315613,1203.063477
Slovenia,2004,512.0,1907862.0,0.026836322543244744,1368.648682
Slovenia,2005,503.0,1911817.0,0.026310049549721548,1449.189209
Slovenia,2006,529.0,1918570.0,0.02757261919033447,1541.664307
Slovenia,2007,434.0,1927332.0,0.022518175384417426,1793.57605
Slovenia,2008,408.0,1943758.0,0.020990267306938416,2170.666748
Slovenia,2009,447.0,1942037.0,0.023017069190751773,2116.540039
Slovenia,2010,414.0,1944774.0,0.021287820589950296,2015.18042
Slovenia,2011,435.0,1944561.0,0.022370087644460624,2144.995605
Slovenia,2012,440.0,1945988.0,0.022610622470436614,1974.965576
Slovenia,2013,446.0,1948276.0,0.02289203377755513,2054.797363
Slovenia,2014,388.0,1951786.0,0.019879228562967456,2059.640381
Slovenia,2015,422.0,1954632.0,0.021589741700739577,1775.145874
South Africa,2000,267.0,40568559.0,0.000658145141413576,221.7829742
South Africa,2001,384.0,41185599.0,0.000932364732633851,195.1963196
South Africa,2002,236.0,41803868.0,0.0005645410611286017,169.0221863
South Africa,2003,256.0,42415309.0,0.0006035556643003593,254.3037109
South Africa,2004,383.0,43005874.0,0.0008905760175923875,322.7164001
South Africa,2005,458.0,43566107.0,0.0010512759379670991,354.062439
South Africa,2006,514.0,44079057.0,0.0011660866519898555,362.463623
South Africa,2007,417.0,44577435.0,0.0009354508620785383,386.0000305
South Africa,2008,441.0,43680586.0,0.0010096018400485745,372.3551025
South Africa,2009,372.0,45607048.0,0.0008156634036037588,413.0740967
South Africa,2010,393.0,46176200.0,0.0008510877898138001,539.567627
South Africa,2011,358.0,46806739.0,0.000764847130239088,597.359436
South Africa,2012,487.0,47484256.0,0.001025603096740107,579.7485352
South Africa,2013,587.0,48192699.0,0.001218026821863619,526.4995728
South Africa,2014,580.0,48912129.0,0.0011857999474935961,509.8332214
South Africa,2015,482.0,49627460.0,0.000971236488830982,470.7969666
Spain,2000,3394.0,38319996.0,0.0088569946614817,1002.786987
Spain,2001,3189.0,38713504.0,0.008237435702022735,1044.136963
Spain,2002,3372.0,39340611.0,0.008571295448359965,1169.059937
Spain,2003,3478.0,39947556.0,0.00870641498068117,1632.26001
Spain,2004,3508.0,40555823.0,0.00864980597237541,1914.508911
Spain,2005,3399.0,41195479.0,0.008250905396681999,2050.842285
Spain,2006,3247.0,41808848.0,0.007766298655251156,2227.942139
Spain,2007,3264.0,42547327.0,0.007671457245716049,2587.02417
Spain,2008,3457.0,43199484.0,0.008002410399161249,2967.600342
Spain,2009,3429.0,43490086.0,0.007884555574343999,2912.541748
Spain,2010,3158.0,43595356.0,0.007243890840116089,2775.140137
Spain,2011,3180.0,43642571.0,0.007286463485389072,2894.764404
Spain,2012,3539.0,44318859.0,0.007985313881839783,2588.674561
Spain,2013,3873.0,44227625.0,0.008756970332456242,2628.86377
Spain,2014,3911.0,44172771.0,0.00885387063446846,2671.282959
Spain,2015,3604.0,44186528.0,0.008156332174367717,2351.530029
Sri Lanka,2000,5252.0,17140342.0,0.030641162235852705,43.70681763
Sri Lanka,2001,4590.0,17266961.0,0.02658255844789364,41.32081223
Sri Lanka,2002,4382.0,17395955.0,0.025189763942249796,42.85560226
Sri Lanka,2003,4467.0,17524596.0,0.025489888611412208,42.38858414
Sri Lanka,2006,4015.0,17891558.0,0.02244075110730994,65.48428345
Suriname,2000,52.0,419001.0,0.012410471574053521,168.4034729
Suriname,2001,72.0,424515.0,0.016960531429984806,93.4313736
Suriname,2002,69.0,430176.0,0.01603994644052667,162.636261
Suriname,2003,77.0,435946.0,0.017662738045537748,173.0663147
Suriname,2004,67.0,441717.0,0.015168082731703784,221.2443237
Suriname,2005,72.0,447445.0,0.01609136318430198,251.5494843
Suriname,2006,112.0,453293.0,0.02470808064541036,326.5523682
Suriname,2007,119.0,459086.0,0.02592106925499797,322.102417
Suriname,2008,147.0,464789.0,0.03162725451764134,348.5854187
Suriname,2009,131.0,470448.0,0.02784579804781825,396.79245
Suriname,2010,136.0,476052.0,0.02856830766386865,417.6893921
Suriname,2011,127.0,481521.0,0.026374758317913444,392.7755432
Suriname,2012,133.0,486964.0,0.027312080564477047,425.3768005
Suriname,2013,131.0,492359.0,0.0266066020931881,455.7103271
Suriname,2014,128.0,497701.0,0.02571825252511046,463.0393677
Sweden,2000,1131.0,8409008.0,0.013449862338102187,2173.193848
Sweden,2001,1197.0,8439317.0,0.01418361225203414,2169.95752
Sweden,2002,1180.0,8465828.0,0.013938388542739115,2477.208008
Sweden,2003,1112.0,8490539.0,0.013096930595336764,3134.474365
Sweden,2004,1155.0,8514314.0,0.013565391175378309,3513.293457
Sweden,2005,1219.0,8538624.0,0.014276304940936619,3573.54541
Sweden,2006,1197.0,8576044.0,0.01395748435992166,3788.660889
Sweden,2007,1126.0,8629159.0,0.013048780304082935,4321.836914
Sweden,2008,1170.0,8688504.0,0.013466069647893354,4652.80957
Sweden,2009,1242.0,8755922.0,0.01418468551912637,4151.79834
Sweden,2010,1141.0,8823125.0,0.012931926046610469,4437.119141
Sweden,2011,1112.0,8884644.0,0.012515977004818652,6386.692871
Sweden,2012,1154.0,8948909.0,0.01289542669391319,6273.509766
Sweden,2013,1230.0,9024081.0,0.01363019680341965,6723.074707
Sweden,2014,1148.0,9114524.0,0.012595281991687114,6628.458984
Sweden,2015,1182.0,9114524.0,0.012968312991440913,5623.214355
Sweden,2016,1135.0,9253843.0,0.012265174587465984,5707.058105
Switzerland,2000,1380.0,6809589.0,0.020265540255072663,3737.802979
Switzerland,2001,1338.0,6865842.0,0.01948777731849932,3957.172363
Switzerland,2002,1446.0,6942010.0,0.020829702060354283,4420.574219
Switzerland,2003,1269.0,6969293.0,0.01820844668175093,5277.378906
Switzerland,2004,1284.0,7023166.0,0.018282353001481098,5889.844238
Switzerland,2005,1299.0,7071991.0,0.018368236045549262,5964.726563
Switzerland,2006,1309.0,7118477.0,0.018388764900132432,5900.513672
Switzerland,2007,1360.0,7183595.0,0.018932024981920613,6401.807617
Switzerland,2008,1314.0,7274875.0,0.018062166016598224,7411.206055
Switzerland,2009,1105.0,7364558.0,0.01500429489454764,7599.472656
Switzerland,2010,1006.0,7439147.0,0.013523055801962242,8021.80957
Switzerland,2011,1034.0,7518040.0,0.013753584710908694,9572.171875
Switzerland,2012,1038.0,7595591.0,0.01366582271214972,9286.549805
Switzerland,2013,1071.0,7681318.0,0.013942919691646669,9689.674805
Switzerland,2014,1032.0,7809621.0,0.01321446969065464,10014.70898
Switzerland,2015,1073.0,7892502.0,0.01359518185741353,9807.798828
TFYR Macedonia,2000,150.0,1887600.0,0.007946598855689766,
TFYR Macedonia,2001,152.0,1902411.0,0.007989861286546388,
TFYR Macedonia,2002,149.0,1895297.0,0.007861564704634684,
TFYR Macedonia,2003,137.0,1904123.0,0.007194913353811702,
TFYR Macedonia,2004,179.0,1911739.0,0.009363202822142562,
TFYR Macedonia,2005,143.0,1918471.0,0.00745385257322107,
TFYR Macedonia,2006,166.0,1924680.0,0.0086248103580855,
TFYR Macedonia,2007,159.0,1929428.0,0.008240784315351492,
TFYR Macedonia,2008,161.0,1933404.0,0.008327281830388271,
TFYR Macedonia,2009,167.0,1937404.0,0.008619781935001684,
TFYR Macedonia,2010,122.0,1940625.0,0.006286634460547505,
TFYR Macedonia,2011,128.0,1943093.0,0.0065874355988107605,
TFYR Macedonia,2012,172.0,1945054.0,0.008842942149678108,
TFYR Macedonia,2013,170.0,1947542.0,0.008728951673442729,
Thailand,2000,5182.0,58262135.0,0.008894284426755045,62.25963211
Thailand,2002,4902.0,58263389.0,0.008413516762644891,69.89767456
Thailand,2003,4484.0,60158951.0,0.0074535874137831954,76.50308228
Thailand,2004,4296.0,60686373.0,0.0070790192058437906,83.49060822
Thailand,2005,3937.0,61182665.0,0.006434829211836393,91.43128967
Thailand,2006,3608.0,61636512.0,0.005853673225376543,104.4275513
Thailand,2007,3754.0,58941621.0,0.0063690138416790405,126.8236008
Thailand,2008,3778.0,59216773.0,0.00637994914042344,151.4736328
Thailand,2009,3787.0,59483718.0,0.006366448042134825,152.4512939
Thailand,2010,3761.0,59769764.0,0.006292479254226268,172.0576935
Thailand,2011,3873.0,60261832.0,0.006426953631280243,195.9386597
Thailand,2012,3985.0,60382255.0,0.00659962103104629,206.4404449
Thailand,2013,3961.0,60766487.0,0.006518395575508586,213.0030975
Thailand,2014,3952.0,61139919.0,0.006463862014602932,219.3661652
Thailand,2015,4205.0,61261276.0,0.0068640424662391964,214.3841248
Thailand,2016,4131.0,61333728.0,0.006735282746876238,225.3467102
Trinidad and Tobago,2000,166.0,1178363.0,0.014087339809549347,277.0341187
Trinidad and Tobago,2001,179.0,1183354.0,0.015126496382316702,284.1289063
Trinidad and Tobago,2002,156.0,1188800.0,0.013122476446837145,338.1203308
Trinidad and Tobago,2003,144.0,1194458.0,0.012055677135571112,373.8591003
Trinidad and Tobago,2004,168.0,1200116.0,0.013998646797476243,449.7051086
Trinidad and Tobago,2005,136.0,1205471.0,0.011281897283302544,552.8843994
Trinidad and Tobago,2006,141.0,1209301.0,0.011659628165361645,592.9710693
Trinidad and Tobago,2007,131.0,1213988.0,0.010790880964226994,695.9567871
Trinidad and Tobago,2008,199.0,1219336.0,0.016320357965318832,783.9490967
Trinidad and Tobago,2009,128.0,1225097.0,0.010448152268759128,810.3747559
Trinidad and Tobago,2010,160.0,1231002.0,0.01299754183989953,861.5410156
Trinidad and Tobago,2011,139.0,1237186.0,0.011235174015871504,912.3320923
Turkey,2009,1050.0,65962419.0,0.0015918154851173663,500.0683594
Turkey,2010,1524.0,66975131.0,0.0022754714731353038,539.3276978
Turkey,2011,1148.0,68034357.0,0.0016873827439862481,531.663269
Turkey,2012,1450.0,68976439.0,0.0021021670892578267,524.8210449
Turkey,2013,1810.0,69880352.0,0.002590141503580291,552.40625
Turkey,2014,1617.0,70931420.0,0.0022796667541690268,527.2006836
Turkey,2015,1532.0,71880464.0,0.002131316236355959,454.6096802
Turkmenistan,2000,383.0,4026478.0,0.009512035083763032,76.63777161
Turkmenistan,2001,445.0,4095981.0,0.010864308208460929,123.7941513
Turkmenistan,2002,416.0,4143692.0,0.010039356206976774,132.5186768
Turkmenistan,2003,377.0,4177740.0,0.009024017770373456,208.8676147
Turkmenistan,2004,392.0,4211000.0,0.009308952742816434,319.2585754
Turkmenistan,2005,468.0,4252530.0,0.011005213367101469,345.1430969
Turkmenistan,2006,506.0,4287650.0,0.011801336396394295,374.1834106
Turkmenistan,2007,354.0,4342657.0,0.008151691464465188,281.9349976
Turkmenistan,2008,484.0,4412135.0,0.01096974593932416,255.4769135
Turkmenistan,2009,165.0,4484467.0,0.003679367023996385,194.2539673
Turkmenistan,2010,178.0,4551185.0,0.003911069314914687,221.798584
Turkmenistan,2011,130.0,4626095.0,0.0028101454898786125,276.6517029
Turkmenistan,2012,138.0,4690058.0,0.002942394315805903,318.807312
Turkmenistan,2013,101.0,4748055.0,0.002127186816496439,376.223877
Turkmenistan,2014,136.0,4811227.0,0.0028267217489426296,437.7528076
Turkmenistan,2015,133.0,4886514.0,0.00272177671035016,405.1263123
Ukraine,2000,14467.0,47125400.0,0.030698943669443656,35.13031387
Ukraine,2001,13131.0,46805969.0,0.028054114209236862,44.78530502
Ukraine,2002,12536.0,46060017.0,0.02721666385837417,52.87698364
Ukraine,2003,12313.0,45697383.0,0.026944650200209492,68.91822052
Ukraine,2004,11256.0,45322826.0,0.024835168045346512,84.58527374
Ukraine,2005,10621.0,44939270.0,0.023634117777169058,116.3277206
Ukraine,2006,10013.0,44560034.0,0.02247080870719264,148.3464813
Ukraine,2007,10032.0,44198672.0,0.022697514531658327,185.8313904
Ukraine,2008,9454.0,43856123.0,0.02155685307613717,215.6572723
Ukraine,2009,9715.0,43557944.0,0.02230362388087004,168.2019806
Ukraine,2010,9089.0,43296809.0,0.020992309156085843,202.3390503
Ukraine,2011,8973.0,43074791.0,0.02083120960470824,244.0137024
Ukraine,2012,9058.0,42915935.0,0.021106379250504504,275.853302
Ukraine,2014,7968.0,40464165.0,0.019691497402701874,197.3648224
Ukraine,2015,7574.0,40345446.0,0.018772874638689083,141.5749207
United Arab Emirates,2005,96.0,4280433.0,0.0022427637577787105,915.0838013
United Arab Emirates,2006,90.0,4923879.0,0.0018278272069642651,985.3295288
United Arab Emirates,2007,101.0,5695389.0,0.001773364383012293,1094.849731
United Arab Emirates,2008,100.0,6510358.0,0.001536013841327927,1340.038696
United Arab Emirates,2009,124.0,7252480.0,0.0017097599717613835,1339.4375
United Arab Emirates,2010,111.0,7839736.0,0.0014158640035837945,1359.025513
United Kingdom,2000,4290.0,56133909.0,0.0076424394388782,1674.2854
United Kingdom,2001,4128.0,55571993.0,0.007428202188105797,1739.170044
United Kingdom,2002,4117.0,55908944.0,0.007363759186723326,1965.769409
United Kingdom,2003,3979.0,56171771.0,0.007083629248577547,2347.039063
United Kingdom,2004,4183.0,56455011.0,0.007409439704121216,2828.298096
United Kingdom,2005,4047.0,56809024.0,0.007123868207980479,3010.180664
United Kingdom,2006,4122.0,57091129.0,0.007220035883333119,3251.677734
United Kingdom,2007,3897.0,57382757.0,0.006791238699109561,3740.197998
United Kingdom,2008,4259.0,57683372.0,0.007383410248624163,3606.229004
United Kingdom,2009,4246.0,58013559.0,0.007318978654627964,3273.727539
United Kingdom,2010,4188.0,58403529.0,0.007170799559047193,3309.480957
United Kingdom,2011,4393.0,58881852.0,0.007460702832512809,3501.949707
United Kingdom,2012,4444.0,59708630.0,0.007442810193434349,3492.889648
United Kingdom,2013,4824.0,60091793.0,0.008027718527220515,4207.887695
United Kingdom,2014,4788.0,60570482.0,0.007904840512908582,4601.137207
United Kingdom,2015,4910.0,61082942.0,0.008038250678888387,4326.25
United States of America,2000,29343.0,262246108.0,0.011189107904701488,
United States of America,2001,30607.0,265427546.0,0.01153120708880758,
United States of America,2002,31645.0,268759559.0,0.011774464922380677,
United States of America,2003,31477.0,271041510.0,0.01161335029457296,
United States of America,2004,32428.0,273584136.0,0.01185302644887275,
United States of America,2005,32629.0,276106680.0,0.01181753371559138,
United States of America,2006,33292.0,278980848.0,0.01193343566007083,
United States of America,2007,34596.0,280658606.0,0.012326719815604016,
United States of America,2008,36030.0,282355565.0,0.012760506420335651,
United States of America,2009,36900.0,285162662.0,0.012939983005208443,
United States of America,2010,38362.0,287839149.0,0.013327582482534371,
United States of America,2011,39508.0,290313825.0,0.01360872152747118,
United States of America,2012,40596.0,292827128.0,0.013863469644110294,
United States of America,2013,41143.0,295322862.0,0.013931532330876573,
United States of America,2014,42769.0,297749735.0,0.014364076596071529,
United States of America,2015,44189.0,300078511.0,0.014725812872351932,
Uruguay,2000,555.0,3050169.0,0.018195713089996,687.617981
Uruguay,2001,499.0,3061024.0,0.016301734321586502,668.630188
Uruguay,2002,675.0,3065257.0,0.022020992040797882,430.0263672
Uruguay,2003,535.0,3065772.0,0.017450743238570904,378.428894
Uruguay,2004,520.0,3066489.0,0.016957504168448018,371.3077393
Uruguay,2005,498.0,3070178.0,0.016220557895991698,439.9475098
Uruguay,2006,528.0,3077445.0,0.017157089728654783,494.4122009
Uruguay,2007,576.0,3087957.0,0.018653109483065988,570.6231079
Uruguay,2008,523.0,3100791.0,0.016866664022180147,799.9179688
Uruguay,2009,511.0,3114306.0,0.0164081500019587,813.1199951
Uruguay,2010,547.0,3127306.0,0.017491092972673605,1025.997681
Uruguay,2012,599.0,3151939.0,0.019004174890440456,1322.689331
Uruguay,2013,546.0,3164670.0,0.0172529837234214,1488.914917
Uruguay,2014,591.0,3177645.0,0.018598679210547437,1467.951172
Uruguay,2015,630.0,3190795.0,0.019744295700601263,1398.512085
Uzbekistan,2000,1919.0,21789067.0,0.008807169210136441,29.67128944
Uzbekistan,2001,1914.0,22231527.0,0.008609395117123534,25.24586105
Uzbekistan,2002,1576.0,22632256.0,0.006963512607846075,20.21747208
Uzbekistan,2003,1416.0,22982883.0,0.006161106942066407,21.32575607
Uzbekistan,2004,1251.0,23300841.0,0.005368904924933825,23.29680634
Uzbekistan,2005,1221.0,23600347.0,0.00517365274332619,27.17732811
Uzbekistan,2009,1399.0,25288102.0,0.005532245955034506,63.36511612
Uzbekistan,2010,1464.0,25651783.0,0.005707205616077448,76.91677094
Uzbekistan,2011,1640.0,25978049.0,0.006313022198087315,89.63848114
Uzbekistan,2012,1835.0,26381830.0,0.00695554478214741,106.2389603
Uzbekistan,2013,1950.0,26838924.0,0.0072655669802559894,116.044548
Uzbekistan,2014,2095.0,27313507.0,0.007670197752342824,117.3688278
Venezuela (Bolivarian Republic of),2000,1264.0,21664935.0,0.005834312450048893,
Venezuela (Bolivarian Republic of),2001,1379.0,22108044.0,0.006237548649713199,
Venezuela (Bolivarian Republic of),2002,1299.0,22554558.0,0.00575936801776386,
Venezuela (Bolivarian Republic of),2003,1150.0,23003836.0,0.004999166226015522,
Venezuela (Bolivarian Republic of),2004,1038.0,23452474.0,0.0044259722876145175,
Venezuela (Bolivarian Republic of),2005,1016.0,23897676.0,0.004251459430615764,
Venezuela (Bolivarian Republic of),2006,945.0,24332855.0,0.003883637986582339,
Venezuela (Bolivarian Republic of),2007,897.0,24770950.0,0.00362117722574225,
Venezuela (Bolivarian Republic of),2008,870.0,25209506.0,0.003451079128642981,
Venezuela (Bolivarian Republic of),2009,751.0,25646139.0,0.002928316032288525,
Venezuela (Bolivarian Republic of),2010,775.0,26078766.0,0.0029717663788232924,
Venezuela (Bolivarian Republic of),2011,760.0,26503892.0,0.0028675033840312963,
Venezuela (Bolivarian Republic of),2012,731.0,26926228.0,0.002714825114011513,
Venezuela (Bolivarian Republic of),2013,618.0,27345912.0,0.0022599355984177817,
Virgin Islands (USA),2000,5.0,100254.0,0.004987332176272268,
Virgin Islands (USA),2001,4.0,100831.0,0.00396703394789301,
Virgin Islands (USA),2002,2.0,101048.0,0.001979257382630037,
Virgin Islands (USA),2003,9.0,100917.0,0.008918219923303309,
Virgin Islands (USA),2004,5.0,100630.0,0.0049686972075921685,
Virgin Islands (USA),2005,2.0,100348.0,0.0019930641368039225,
Virgin Islands (USA),2006,14.0,99967.0,0.014004621525103286,
Virgin Islands (USA),2007,11.0,99597.0,0.011044509372772272,
Virgin Islands (USA),2008,6.0,99268.0,0.006044243865092477,
Virgin Islands (USA),2009,9.0,98960.0,0.009094583670169763,
Virgin Islands (USA),2010,8.0,98658.0,0.008108820369356768,
Virgin Islands (USA),2011,8.0,98290.0,0.008139179977617256,
Virgin Islands (USA),2012,10.0,98069.0,0.010196902181117377,
Virgin Islands (USA),2015,3.0,97951.0,0.0030627558677297838,
