country,year,suicide_count,population,suicide_rate (%)
Albania,2000,54.0,2796300.0,0.001931123270035404
Albania,2001,119.0,2799349.0,0.004250988354792489
Albania,2002,133.0,2818839.0,0.004718254572183796
Albania,2003,124.0,2843929.0,0.004360165109607167
Albania,2004,146.0,2874991.0,0.005078276766779444
Albania,2005,0.0,2783320.0,0.0
Albania,2006,0.0,2780176.0,0.0
Albania,2007,124.0,2770344.0,0.0044759784344471296
Albania,2008,160.0,2757059.0,0.005803285312356392
Albania,2009,0.0,2745735.0,0.0
Albania,2010,96.0,2736025.0,0.0035087398689704953
Antigua and Barbuda,2000,2.0,75326.0,0.0026551257202028517
Antigua and Barbuda,2001,2.0,76497.0,0.002614481613658052
Antigua and Barbuda,2002,0.0,77588.0,0.0
Antigua and Barbuda,2003,1.0,78658.0,0.0012713265020722622
Antigua and Barbuda,2004,2.0,79722.0,0.002508717794335315
Antigua and Barbuda,2005,0.0,80809.0,0.0
Antigua and Barbuda,2006,0.0,81973.0,0.0
Antigua and Barbuda,2007,1.0,83131.0,0.0012029206914388134
Antigua and Barbuda,2008,0.0,84273.0,0.0
Antigua and Barbuda,2009,0.0,85405.0,0.0
Antigua and Barbuda,2012,0.0,88703.0,0.0
Antigua and Barbuda,2013,0.0,89779.0,0.0
Antigua and Barbuda,2014,0.0,90837.0,0.0
Antigua and Barbuda,2015,1.0,91889.0,0.0010882695426003113
Argentina,2000,2774.0,33585533.0,0.008259508640223158
Argentina,2001,3132.0,34010946.0,0.009208800013971973
Argentina,2002,3162.0,34407507.0,0.009189854992981618
Argentina,2003,3289.0,34785907.0,0.009454978419852616
Argentina,2004,3121.0,35162945.0,0.00887582083923858
Argentina,2005,3058.0,35550617.0,0.008601819765884795
Argentina,2006,3108.0,35918886.0,0.008652829600561665
Argentina,2007,2946.0,36315492.0,0.008112240362873235
Argentina,2008,3059.0,36733520.0,0.008327543889069165
Argentina,2009,2884.0,37158001.0,0.007761450891828115
Argentina,2010,2943.0,37578454.0,0.007831615425158256
Argentina,2011,2912.0,38015739.0,0.007659985249793513
Argentina,2012,3248.0,38441778.0,0.008449140932034933
Argentina,2013,2987.0,38859125.0,0.007686740244408489
Argentina,2014,3231.0,39276555.0,0.008226281556516349
Argentina,2015,3073.0,39699624.0,0.007740627467907504
Armenia,2000,61.0,3606500.0,0.0016913905448495772
Armenia,2001,60.0,3610516.0,0.0016618123282101506
Armenia,2002,74.0,3014844.0,0.0024545216933280793
Armenia,2003,59.0,3024366.0,0.0019508220896544929
Armenia,2006,78.0,2764396.0,0.0028215928542799223
Armenia,2007,71.0,2735313.0,0.0025956810061590757
Armenia,2008,63.0,3045391.0,0.0020686998812303576
Armenia,2009,53.0,2689695.0,0.0019704836421973494
Armenia,2010,73.0,2676225.0,0.002727722818522359
Armenia,2011,67.0,2670366.0,0.0025090193628888326
Armenia,2012,79.0,2814300.0,0.0028070923497850266
Armenia,2013,67.0,2810664.0,0.002383778352730885
Armenia,2014,58.0,2803029.0,0.0020691901510829893
Armenia,2015,74.0,2795335.0,0.0026472676799024087
Armenia,2016,67.0,2784119.0,0.0024065063310871413
Aruba,2000,10.0,83888.0,0.011920656112912455
Aruba,2001,4.0,86045.0,0.00464873031553257
Aruba,2002,9.0,88284.0,0.010194372706266141
Aruba,2003,2.0,90457.0,0.0022109952795250783
Aruba,2004,8.0,92335.0,0.008664103536037256
Aruba,2005,10.0,93728.0,0.010669170365312394
Aruba,2006,9.0,94508.0,0.009523003343632284
Aruba,2007,8.0,94814.0,0.008437572510388762
Aruba,2008,4.0,94814.0,0.004218786255194381
Aruba,2009,4.0,94795.0,0.0042196318371222116
Aruba,2010,7.0,95006.0,0.007367955708060544
Aruba,2011,9.0,95488.0,0.009425268096514745
Aruba,2012,3.0,96215.0,0.0031180169412253806
Aruba,2013,2.0,97110.0,0.0020595201318092883
Aruba,2014,5.0,97988.0,0.005102665632526432
Aruba,2015,9.0,98712.0,0.00911743253099927
Australia,2000,2391.0,17874410.0,0.01337666529972178
Australia,2001,2458.0,18130883.0,0.013556978995452124
Australia,2002,2319.0,18370058.0,0.01262380336523706
Australia,2003,2156.0,18608029.0,0.011586396388354726
Australia,2004,2114.0,18854551.0,0.011212147136253734
Australia,2006,2117.0,19109246.0,0.011078406756603583
Australia,2007,2229.0,19734430.0,0.011294980397204276
Australia,2008,2341.0,20120312.0,0.01163500844320903
Australia,2009,2337.0,20529317.0,0.011383720169550696
Australia,2010,2420.0,20847547.0,0.011608080317554866
Australia,2011,2392.0,20881910.0,0.01145489086007937
Australia,2012,2580.0,21238909.0,0.012147516616790439
Australia,2013,2608.0,21600180.0,0.012073973457628593
Australia,2014,2891.0,21927587.0,0.013184305231578831
Australia,2015,3027.0,22240785.0,0.013610131117224505
Austria,2000,1588.0,7592073.0,0.020916553357692953
Austria,2001,1489.0,7634560.0,0.01950341604493252
Austria,2002,1553.0,7683162.0,0.020213032082364007
Austria,2003,1456.0,7722033.0,0.01885513827770485
Austria,2004,1422.0,7773105.0,0.018293847825289894
Austria,2005,1399.0,7827461.0,0.017872973113503856
Austria,2006,1297.0,7869269.0,0.016481835860484625
Austria,2007,1285.0,7897272.0,0.016271441581346066
Austria,2008,1267.0,7925258.0,0.01598686124792404
Austria,2009,1278.0,7946894.0,0.01608175470819165
Austria,2010,1264.0,7968421.0,0.015862615692619656
Austria,2011,1288.0,7995146.0,0.016109774605742033
Austria,2012,1276.0,8031276.0,0.015887886308477008
Austria,2013,1291.0,8079615.0,0.015978484123315283
Austria,2014,1314.0,8141165.0,0.01614019615128793
Austria,2015,1251.0,8219386.0,0.015220114981824675
Austria,2016,1204.0,8319211.0,0.014472526300871561
Azerbaijan,2000,62.0,7415250.0,0.0008361147634941505
Azerbaijan,2001,317.0,7518000.0,0.004216546953977121
Azerbaijan,2002,92.0,7605700.0,0.0012096191014633762
Azerbaijan,2003,129.0,7674400.0,0.001680913165850099
Azerbaijan,2004,108.0,7738250.0,0.0013956643944044195
Azerbaijan,2007,55.0,7921100.0,0.0006943480072212193
Bahamas,2000,11.0,269738.0,0.004078031274792576
Bahamas,2001,1.0,276140.0,0.00036213514883754616
Bahamas,2002,3.0,282555.0,0.0010617401921749748
Bahamas,2003,1.0,288888.0,0.0003461549112458808
Bahamas,2004,2.0,295237.0,0.0006774218678553162
Bahamas,2005,4.0,301763.0,0.001325543555704311
Bahamas,2006,2.0,308499.0,0.0006483003186396065
Bahamas,2007,5.0,314989.0,0.0015873570188165301
Bahamas,2008,4.0,321447.0,0.001244373100386689
Bahamas,2009,6.0,327813.0,0.0018303117936140422
Bahamas,2010,10.0,333869.0,0.0029951867349169883
Bahamas,2011,4.0,338383.0,0.0011820924810052515
Bahamas,2012,5.0,343558.0,0.0014553583383300635
Bahamas,2013,5.0,348959.0,0.0014328330835427657
Bahrain,2000,29.0,590594.0,0.004910310636410123
Bahrain,2001,23.0,624083.0,0.0036854072294871033
Bahrain,2002,25.0,661010.0,0.0037820910424955748
Bahrain,2003,34.0,702913.0,0.004837013969011812
Bahrain,2004,42.0,751559.0,0.005588383613262565
Bahrain,2005,42.0,819540.0,0.005124826121970862
Bahrain,2006,28.0,888543.0,0.003151226220903209
Bahrain,2007,40.0,964770.0,0.004146065901717508
Bahrain,2008,43.0,1024110.0,0.004198767710499848
Bahrain,2009,36.0,1092922.0,0.00329392216461925
Bahrain,2010,19.0,1139160.0,0.001667895642403174
Bahrain,2011,18.0,1103462.0,0.0016312297115804622
Bahrain,2012,19.0,1201778.0,0.001580990831917376
Bahrain,2013,5.0,1214492.0,0.0004116947662067762
Bahrain,2014,9.0,1213966.0,0.0007413716693877752
Barbados,2000,10.0,251133.0,0.003981953785444366
Barbados,2001,2.0,252406.0,0.0007923741907878577
Barbados,2002,0.0,253353.0,0.0
Barbados,2003,0.0,254122.0,0.0
Barbados,2004,3.0,254925.0,0.0011768167107972932
Barbados,2005,1.0,255889.0,0.000390794446029333
Barbados,2006,9.0,256883.0,0.003503540522338964
Barbados,2007,0.0,258083.0,0.0
Barbados,2008,1.0,259414.0,0.000385484206712051
Barbados,2009,5.0,260718.0,0.0019177808973680375
Barbados,2010,3.0,261927.0,0.0011453572942079283
Barbados,2011,0.0,263203.0,0.0
Barbados,2012,0.0,264270.0,0.0
Barbados,2013,0.0,265165.0,0.0
Belarus,2000,3483.0,9543479.0,0.03649612473606323
Belarus,2001,3303.0,9513587.0,0.03471876590816902
Belarus,2002,3291.0,9469234.0,0.03475465914138356
Belarus,2003,3456.0,9420691.0,0.03668520706177498
Belarus,2007,2659.0,9244456.0,0.028763185199864656
Belarus,2008,2658.0,9205746.0,0.028873271106980354
Belarus,2009,2743.0,9169969.0,0.029912860119810654
Belarus,2010,2459.0,8981193.0,0.027379436117228522
Belarus,2011,2172.0,8947320.0,0.02427542549053795
Belarus,2013,1902.0,8910240.0,0.021346226364273017
Belarus,2014,1741.0,8906977.0,0.019546474634435453
Belgium,2000,2143.0,9674025.0,0.022152103183524955
Belgium,2001,2165.0,9710055.0,0.022296475148698952
Belgium,2002,2076.0,9758570.0,0.021273608735706155
Belgium,2003,2091.0,9804122.0,0.02132776397519329
Belgium,2004,1987.0,9848022.0,0.02017664054771608
Belgium,2005,2029.0,9901014.0,0.02049285053025882
Belgium,2006,1935.0,9962702.0,0.01942244182351334
Belgium,2007,1857.0,10030266.0,0.01851396563161934
Belgium,2008,1999.0,10100850.0,0.019790413678056794
Belgium,2009,2013.0,10173366.0,0.01978696136558932
Belgium,2010,2013.0,10211171.0,0.019713703746612413
Belgium,2011,2088.0,10355126.0,0.02016392654227481
Belgium,2012,2026.0,10442637.0,0.01940122978515867
Belgium,2013,1895.0,10526149.0,0.01800278525413235
Belgium,2014,1899.0,10578848.0,0.017950914882225364
Belgium,2015,1867.0,10624356.0,0.01757282982610899
Belize,2000,18.0,210109.0,0.00856698189987102
Belize,2001,19.0,217279.0,0.008744517417697984
Belize,2002,14.0,224136.0,0.006246207659635222
Belize,2003,12.0,230890.0,0.005197280090086188
Belize,2004,20.0,237791.0,0.008410747252839678
Belize,2005,12.0,245020.0,0.0048975593829075174
Belize,2006,11.0,252826.0,0.004350818349378624
Belize,2007,8.0,260667.0,0.003069049783823806
Belize,2008,11.0,268487.0,0.004097032631002619
Belize,2009,15.0,276189.0,0.005431063510856696
Belize,2010,15.0,283796.0,0.005285486758093842
Belize,2011,33.0,291662.0,0.011314466745753647
Belize,2012,18.0,298946.0,0.0060211543221852775
Belize,2013,17.0,305888.0,0.0055575897060361965
Belize,2014,24.0,312780.0,0.0076731248801074235
Belize,2015,26.0,319835.0,0.008129191614426188
Bosnia and Herzegovina,2011,5.0,3673312.0,0.00013611694296591196
Bosnia and Herzegovina,2014,313.0,3654169.0,0.0085655589547172
Brazil,2000,6763.0,157715991.0,0.004288087693022834
Brazil,2001,7710.0,160178796.0,0.004813371178042816
Brazil,2002,7697.0,162761414.0,0.004729007822456003
Brazil,2003,7839.0,165396911.0,0.004739508103630787
Brazil,2004,7995.0,167993068.0,0.004759124941988677
Brazil,2005,8529.0,170483960.0,0.005002816687270755
Brazil,2006,8618.0,172974722.0,0.00498223087186115
Brazil,2007,8855.0,175293192.0,0.005051536741940326
Brazil,2008,9184.0,177471632.0,0.005174911559950044
Brazil,2009,9346.0,179569551.0,0.005204668579919766
Brazil,2010,9429.0,181629712.0,0.005191331250913397
Brazil,2011,9822.0,183656441.0,0.005348029149710028
Brazil,2012,10295.0,185591215.0,0.005547137562518786
Brazil,2013,10513.0,187458852.0,0.005608164078589364
Brazil,2014,10631.0,189285554.0,0.005616382114400553
Brazil,2015,11163.0,191087085.0,0.005841839075623557
Brunei Darussalam,2000,5.0,298374.0,0.001675749227479606
Brunei Darussalam,2001,4.0,298563.0,0.001339750739374939
Brunei Darussalam,2002,1.0,303100.0,0.0003299241174529858
Brunei Darussalam,2003,5.0,302800.0,0.0016512549537648611
Brunei Darussalam,2004,3.0,324800.0,0.0009236453201970443
Brunei Darussalam,2005,7.0,335400.0,0.0020870602265951103
Brunei Darussalam,2006,10.0,347900.0,0.002874389192296637
Brunei Darussalam,2007,10.0,342714.0,0.002917884883605572
Brunei Darussalam,2008,9.0,347549.0,0.0025895629105536196
Brunei Darussalam,2009,2.0,352328.0,0.0005676528689175995
Brunei Darussalam,2010,5.0,379000.0,0.0013192612137203166
Brunei Darussalam,2011,5.0,387600.0,0.0012899896800825593
Brunei Darussalam,2012,8.0,368700.0,0.0021697857336588013
Brunei Darussalam,2013,4.0,373361.0,0.0010713491768020763
Brunei Darussalam,2014,5.0,378656.0,0.0013204597312600353
Brunei Darussalam,2015,7.0,384080.0,0.0018225369714642784
Bulgaria,2000,1383.0,7829095.0,0.017664876974924942
Bulgaria,2001,1314.0,7591926.0,0.01730786100918265
Bulgaria,2002,1317.0,7544410.0,0.01745663345443845
Bulgaria,2003,1092.0,7493166.0,0.014573279171981509
Bulgaria,2004,1013.0,7447563.0,0.013601764765199033
Bulgaria,2005,982.0,7404051.0,0.013263009668626
Bulgaria,2006,977.0,7358508.0,0.013277148030551845
Bulgaria,2007,902.0,7312474.0,0.0123350865931284
Bulgaria,2008,939.0,7267511.0,0.012920517079368712
Bulgaria,2009,868.0,7219817.0,0.012022465389358207
Bulgaria,2010,859.0,7162740.0,0.011992617350343585
Bulgaria,2011,763.0,7056527.0,0.010812684483457655
Bulgaria,2012,872.0,6959652.0,0.012529362100288923
Bulgaria,2013,721.0,6920644.0,0.010418105598265132
Bulgaria,2014,724.0,6883874.0,0.010517333699018895
Cabo Verde,2011,42.0,452179.0,0.009288357044444789
Canada,2000,3606.0,29008565.0,0.012430811382776085
Canada,2001,3694.0,29262055.0,0.012623857073606075
Canada,2002,3650.0,29642114.0,0.012313561711556741
Canada,2003,3765.0,29958833.0,0.012567245192761681
Canada,2004,3613.0,30283966.0,0.011930405680682642
Canada,2005,3743.0,30597090.0,0.012233189496125285
Canada,2006,3512.0,30902962.0,0.011364606408926108
Canada,2007,3611.0,31242631.0,0.011557925451284815
Canada,2008,3705.0,31588641.0,0.011728899638322523
Canada,2009,3890.0,31937357.0,0.012180093675253089
Canada,2010,3951.0,32286140.0,0.012237449258412433
Canada,2011,3728.0,32615418.0,0.011430176979488659
Canada,2012,3926.0,32961196.0,0.0119109755604742
Canada,2013,4054.0,33314836.0,0.012168752684239538
Chile,2000,1473.0,13943575.0,0.010564005285588523
Chile,2001,1625.0,14139590.0,0.011492553885933043
Chile,2002,1603.0,14332840.0,0.011184105871550928
Chile,2003,1654.0,14523758.0,0.011388237121549395
Chile,2004,1735.0,14710993.0,0.011793901336232027
Chile,2005,1682.0,14893574.0,0.011293461193397905
Chile,2006,1795.0,15071596.0,0.01190982030038491
Chile,2007,1848.0,15245435.0,0.012121661336655858
Chile,2008,2088.0,15415661.0,0.013544667335380558
Chile,2009,2148.0,15584149.0,0.013783235773733941
Chile,2010,2001.0,15751851.0,0.012703268968199358
Chile,2011,2027.0,15910783.0,0.012739787853306778
Chile,2012,1841.0,16075247.0,0.011452390125016431
Chile,2013,1738.0,16242244.0,0.010700491877846436
Chile,2014,1789.0,16406867.0,0.010903970879997992
Chile,2015,1838.0,16565725.0,0.01109519806709335
Colombia,2000,2358.0,36252342.0,0.006504407356633676
Colombia,2001,2412.0,36884428.0,0.006539345004889325
Colombia,2002,2379.0,37478276.0,0.006347677251749787
Colombia,2003,2269.0,38044513.0,0.005964066355639774
Colombia,2004,2244.0,38604716.0,0.00581276132169966
Colombia,2005,2102.0,39172790.0,0.005365969592668789
Colombia,2006,2177.0,39708676.0,0.005482429079226917
Colombia,2007,2181.0,40275206.0,0.0054152423205482796
Colombia,2008,2220.0,40859129.0,0.0054333023104824385
Colombia,2009,2249.0,41436173.0,0.005427624795369013
Colombia,2010,2107.0,41989103.0,0.005017968590565034
Colombia,2011,2044.0,42538305.0,0.0048050809734896584
Colombia,2012,2119.0,43055864.0,0.004921513130011745
Colombia,2013,2068.0,43546298.0,0.004748968557556832
Colombia,2014,2126.0,44021800.0,0.004829425421041393
Colombia,2015,2332.0,44490427.0,0.005241577025098006
Costa Rica,2000,239.0,3531421.0,0.00676781386303134
Costa Rica,2001,198.0,3606850.0,0.005489554597501976
Costa Rica,2002,275.0,3680372.0,0.0074720707580646735
Costa Rica,2003,315.0,3751871.0,0.008395811050006783
Costa Rica,2004,325.0,3820857.0,0.008505945132204634
Costa Rica,2005,272.0,3887096.0,0.006997511767139274
Costa Rica,2006,350.0,3953916.0,0.008851983704256742
Costa Rica,2007,270.0,4015241.0,0.006724378437060191
Costa Rica,2008,261.0,4072561.0,0.00640874378554428
Costa Rica,2009,278.0,4128459.0,0.006733747386131242
Costa Rica,2010,311.0,4184663.0,0.007431900728923691
Costa Rica,2011,316.0,4235514.0,0.007460723775201782
Costa Rica,2012,302.0,4290210.0,0.007039282459366791
Costa Rica,2013,311.0,4347229.0,0.007153982456410739
Costa Rica,2014,268.0,4403674.0,0.006085827425009209
Croatia,2000,926.0,4118000.0,0.02248664400194269
Croatia,2001,881.0,4180633.0,0.02107336377051035
Croatia,2002,874.0,4217300.0,0.020724160007587793
Croatia,2003,865.0,4225600.0,0.020470465732677016
Croatia,2004,871.0,4229600.0,0.020592963873652354
Croatia,2005,874.0,4235875.0,0.02063328119927996
Croatia,2006,796.0,4234946.0,0.018795989370348522
Croatia,2007,775.0,4230855.0,0.018317810466206005
Croatia,2008,793.0,4225583.0,0.01876664119483631
Croatia,2009,790.0,4216050.0,0.018737918193569812
Croatia,2010,776.0,4203963.0,0.018458773305093313
Croatia,2011,702.0,4189029.0,0.01675806016143598
Croatia,2012,776.0,4054296.0,0.019140191046731665
Croatia,2013,692.0,4044457.0,0.017109836994187354
Croatia,2014,722.0,4030452.0,0.017913623583657615
Croatia,2015,739.0,4001669.0,0.018467294521360963
Croatia,2016,683.0,3978183.0,0.017168642065988417
Cuba,2000,1845.0,10397209.0,0.01774514679853026
Cuba,2001,1652.0,10433428.0,0.015833722147696808
Cuba,2002,1606.0,10479415.0,0.015325282947569116
Cuba,2003,1499.0,10531074.0,0.014234065775247615
Cuba,2004,1515.0,10578701.0,0.014321229043150004
Cuba,2005,1397.0,10616406.0,0.013158878814544205
Cuba,2006,1376.0,10653638.0,0.012915775812919491
Cuba,2007,1307.0,10678023.0,0.01224009350794618
Cuba,2008,1377.0,10693814.0,0.012876603239966582
Cuba,2009,1477.0,10708230.0,0.013793129209962804
Cuba,2010,1558.0,10725848.0,0.014525658017902173
Cuba,2011,1529.0,10748034.0,0.014225857491704996
Cuba,2012,1495.0,10770535.0,0.013880461834068597
Cuba,2013,1499.0,10792690.0,0.013889030445607164
Cuba,2014,1453.0,10813411.0,0.013437018161984225
Cuba,2015,1511.0,10832068.0,0.013949321588453838
Cyprus,2000,7.0,875229.0,0.0007997906833525854
Cyprus,2004,7.0,690616.0,0.0010135878693803794
Cyprus,2005,17.0,701263.0,0.002424197483683012
Cyprus,2006,19.0,713426.0,0.0026632054340604353
Cyprus,2007,19.0,728566.0,0.0026078625683877642
Cyprus,2008,41.0,747034.0,0.005488371345882517
Cyprus,2009,32.0,767174.0,0.004171152828432663
Cyprus,2010,38.0,787081.0,0.004827965609638652
Cyprus,2011,30.0,800820.0,0.003746160185809545
Cyprus,2012,36.0,814305.0,0.004420947924917568
Cyprus,2013,45.0,813016.0,0.005534946421718638
Cyprus,2014,44.0,804818.0,0.005467074543561401
Cyprus,2015,40.0,796037.0,0.005024892059037457
Cyprus,2016,36.0,803022.0,0.004483065221127192
Czech Republic,2000,1649.0,9819742.0,0.016792701885650355
Czech Republic,2001,1623.0,9838083.0,0.016497116358949196
Czech Republic,2002,1534.0,9752463.0,0.015729359855043798
Czech Republic,2003,1719.0,9748550.0,0.01763339163260177
Czech Republic,2004,1583.0,9746647.0,0.016241482840201354
Czech Republic,2005,1565.0,9761733.0,0.016031989401881816
Czech Republic,2006,1400.0,9780319.0,0.014314461522165076
Czech Republic,2007,1379.0,9818295.0,0.014045208460328397
Czech Republic,2008,1379.0,9899594.0,0.0139298641944306
Czech Republic,2009,1464.0,9937407.0,0.014732213342977701
Czech Republic,2010,1502.0,9945273.0,0.015102652285161
Czech Republic,2011,1590.0,9906318.0,0.01605036301075738
Czech Republic,2012,1658.0,9923127.0,0.016708442812432008
Czech Republic,2013,1577.0,9936780.0,0.01587033224042396
Czech Republic,2014,1489.0,9963127.0,0.014945107093385441
Czech Republic,2015,1387.0,9989325.0,0.013884822047535744
Czech Republic,2016,1318.0,10012831.0,0.013163110413029044
Denmark,2000,728.0,4998610.0,0.014564048805567947
Denmark,2001,727.0,5018451.0,0.014486541763584023
Denmark,2002,688.0,5041222.0,0.013647484677326252
Denmark,2003,633.0,5056783.0,0.012517839899398493
Denmark,2004,661.0,5072927.0,0.013029952924613345
Denmark,2005,631.0,5089852.0,0.012397217050711886
Denmark,2006,650.0,5110460.0,0.012719011595825034
Denmark,2007,581.0,5133001.0,0.011318914607653496
Denmark,2008,603.0,5162525.0,0.011680330845855468
Denmark,2009,622.0,5192790.0,0.011978146622528545
Denmark,2010,563.0,5217785.0,0.010790019136472661
Denmark,2011,589.0,5244150.0,0.011231562789012519
Denmark,2012,661.0,5270539.0,0.012541411798679415
Denmark,2013,610.0,5299698.0,0.011510089820212397
Denmark,2014,629.0,5339166.0,0.011780866150256425
Denmark,2015,564.0,5383060.0,0.010477312160741287
Ecuador,2000,534.0,11109383.0,0.00480674759345321
Ecuador,2001,584.0,11328328.0,0.005155217963321683
Ecuador,2002,577.0,11548770.0,0.0049962030588538865
Ecuador,2003,675.0,11771002.0,0.0057344311045058015
Ecuador,2004,791.0,11994153.0,0.006594880021957366
Ecuador,2005,943.0,12217643.0,0.007718346329156941
Ecuador,2006,900.0,12449374.0,0.007229279158936024
Ecuador,2007,1005.0,12677354.0,0.007927521784119936
Ecuador,2008,928.0,12903183.0,0.007192023859539153
Ecuador,2009,964.0,13130161.0,0.007341874939690382
Ecuador,2010,912.0,13360285.0,0.006826201686565818
Ecuador,2011,918.0,13583553.0,0.006758172916909147
Ecuador,2012,976.0,13815861.0,0.0070643443792609084
Ecuador,2013,676.0,14054613.0,0.004809808708357889
Ecuador,2014,734.0,14295145.0,0.005134610386953053
Ecuador,2015,1073.0,14534024.0,0.007382676676466201
Egypt,2000,48.0,61633355.0,7.787990772204434e-05
Egypt,2001,49.0,62831800.0,7.798598798697475e-05
Egypt,2002,36.0,64048864.0,5.620708588992304e-05
Egypt,2003,42.0,65284981.0,6.433332652727585e-05
Egypt,2004,54.0,61349608.0,8.802012231276197e-05
Egypt,2005,52.0,62531684.0,8.315784363011877e-05
Egypt,2006,43.0,63678464.0,6.752675441417683e-05
Egypt,2007,32.0,64938649.0,4.9277280160232466e-05
Egypt,2008,41.0,67134585.0,6.107135390797455e-05
Egypt,2009,52.0,72889969.0,7.134040624986409e-05
Egypt,2010,48.0,74238902.0,6.465612866957541e-05
Egypt,2011,176.0,75743440.0,0.00023236335714353612
Egypt,2012,211.0,77116832.0,0.0002736108246770303
Egypt,2013,149.0,78431389.0,0.00018997496015275213
Egypt,2014,88.0,76981540.0,0.00011431311974273312
Egypt,2015,48.0,78885166.0,6.0847941931186405e-05
El Salvador,2000,461.0,5118189.0,0.009007092157011006
El Salvador,2001,514.0,5175094.0,0.009932186739023484
El Salvador,2002,436.0,5230458.0,0.00833579009715784
El Salvador,2003,527.0,5283542.0,0.009974369466543467
El Salvador,2004,464.0,5333170.0,0.0087002664456599
El Salvador,2005,455.0,5378879.0,0.008459011626772046
El Salvador,2006,411.0,5429044.0,0.007570393608893205
El Salvador,2007,501.0,5467861.0,0.009162632334655179
El Salvador,2008,490.0,5499287.0,0.008910246000981581
El Salvador,2009,506.0,5528910.0,0.009151894315516078
El Salvador,2010,399.0,5560453.0,0.007175674356028186
El Salvador,2011,485.0,5585785.0,0.008682754527787948
El Salvador,2012,512.0,5618823.0,0.009112228664259401
El Salvador,2013,484.0,5657250.0,0.008555393521587344
El Salvador,2014,386.0,5696329.0,0.00677629399565931
Estonia,2000,377.0,1334175.0,0.028257162666067048
Estonia,2001,401.0,1325610.0,0.030250224424981705
Estonia,2002,371.0,1316690.0,0.02817671585566838
Estonia,2003,342.0,1307160.0,0.026163591297163315
Estonia,2004,323.0,1297650.0,0.0248911493854275
Estonia,2005,273.0,1288495.0,0.021187509458709577
Estonia,2006,247.0,1278915.0,0.019313245993674327
Estonia,2007,251.0,1270415.0,0.0197573233943239
Estonia,2008,242.0,1264005.0,0.019145493886495703
Estonia,2009,269.0,1259010.0,0.02136599391585452
Estonia,2010,223.0,1254225.0,0.017779903924734396
Estonia,2011,218.0,1249427.0,0.017447998162357623
Estonia,2012,237.0,1251631.0,0.018935293229394287
Estonia,2013,218.0,1243096.0,0.017536859582847987
Estonia,2014,241.0,1241852.0,0.019406499325201394
Estonia,2015,195.0,1243450.0,0.015682174594877155
Fiji,2001,36.0,719459.0,0.005003759769493466
Fiji,2002,42.0,723187.0,0.005807626519835118
Fiji,2003,10.0,725591.0,0.0013781868848979659
Fiji,2004,24.0,728408.0,0.0032948567286465824
Fiji,2005,22.0,732607.0,0.0030029743095547814
Fiji,2006,24.0,737759.0,0.003253094845335672
Fiji,2007,13.0,745055.0,0.0017448376294367529
Fiji,2008,37.0,753658.0,0.004909388608626194
Fiji,2009,26.0,762403.0,0.003410269896629473
Fiji,2011,38.0,776325.0,0.0048948571796605805
Fiji,2012,32.0,782939.0,0.004087163878667432
Finland,2000,1165.0,4881820.0,0.02386405070240197
Finland,2001,1204.0,4898983.0,0.024576529455195086
Finland,2002,1095.0,4915614.0,0.02227595576056216
Finland,2003,1075.0,4929856.0,0.021805910760882265
Finland,2004,1064.0,4944765.0,0.021517706099278732
Finland,2005,994.0,4961784.0,0.020033117120777526
Finland,2006,1062.0,4979740.0,0.021326414632089227
Finland,2007,995.0,4998853.0,0.019904566107465053
Finland,2008,1033.0,5020096.0,0.020577295732989966
Finland,2009,1034.0,5042316.0,0.020506449813934707
Finland,2010,954.0,5063494.0,0.018840745145545745
Finland,2011,912.0,5085985.0,0.01793162976296627
Finland,2012,873.0,5110450.0,0.01708264438552378
Finland,2013,887.0,5135433.0,0.017272156018781668
Finland,2014,789.0,5159944.0,0.01529086362177574
Finland,2015,731.0,5181797.0,0.014107075209623225
France,2000,10849.0,55267624.0,0.019629937411458107
France,2001,10449.0,55511272.0,0.01882320405124206
France,2002,10643.0,55935517.0,0.019027266700690368
France,2003,10871.0,56360402.0,0.019288364905559047
France,2004,10804.0,56813922.0,0.01901646571768096
France,2005,10713.0,57160687.0,0.01874190210485049
France,2006,10423.0,57824447.0,0.018025248040850265
France,2007,10127.0,58167011.0,0.017410212121781538
France,2008,10353.0,58482967.0,0.017702590225971263
France,2009,10499.0,58770727.0,0.01786433576021614
France,2010,10379.0,59056283.0,0.017574759996324185
France,2011,10408.0,59344643.0,0.01753823003029945
France,2012,9743.0,59638457.0,0.016336774105339447
France,2013,9600.0,59910069.0,0.016024017598777928
France,2014,8881.0,60275954.0,0.014733902013396586
French Guiana,2001,7.0,148156.0,0.004724749588271822
French Guiana,2002,11.0,155432.0,0.007077049770960934
French Guiana,2003,23.0,162844.0,0.01412394684483309
French Guiana,2004,27.0,170038.0,0.01587880356155683
French Guiana,2005,25.0,176783.0,0.014141631265449732
French Guiana,2006,13.0,182510.0,0.0071228973754862744
French Guiana,2007,23.0,187701.0,0.012253530881561631
French Guiana,2008,20.0,192699.0,0.010378881052833694
French Guiana,2009,16.0,197851.0,0.008086893672511131
French Guiana,2010,16.0,203377.0,0.007867162953529652
French Guiana,2011,21.0,210264.0,0.009987444355667162
French Guiana,2012,19.0,215906.0,0.008800125980750882
French Guiana,2013,19.0,222674.0,0.008532653116214735
French Guiana,2014,15.0,229559.0,0.006534267878845962
Georgia,2000,130.0,4165600.0,0.0031207989245246783
Georgia,2001,100.0,4140950.0,0.0024149047923785606
Georgia,2004,175.0,4089850.0,0.00427888553369928
Georgia,2005,87.0,4132000.0,0.002105517909002904
Georgia,2006,72.0,4166500.0,0.0017280691227649107
Georgia,2007,104.0,4154900.0,0.0025030686659125367
Georgia,2009,188.0,4158750.0,0.004520589119326721
Georgia,2010,112.0,4193800.0,0.002670608994229577
Georgia,2011,99.0,4202600.0,0.002355684576214724
Georgia,2012,104.0,4200900.0,0.0024756599776238424
Georgia,2013,157.0,4192600.0,0.0037446930305776844
Georgia,2014,194.0,3470600.0,0.005589811559960814
Georgia,2015,192.0,3458400.0,0.005551700208188758
Germany,2000,11073.0,78242066.0,0.014152233659065188
Germany,2001,11167.0,78421514.0,0.014239714882321708
Germany,2002,11176.0,78633771.0,0.014212722927913504
Germany,2003,11155.0,78756461.0,0.014163917294353793
Germany,2004,10741.0,78811814.0,0.013628667397504643
Germany,2005,10270.0,78851254.0,0.013024523363953095
Germany,2006,9775.0,78828994.0,0.012400259731844353
Germany,2007,9409.0,78776585.0,0.011943904397480545
Germany,2008,9459.0,78662789.0,0.012024745270600563
Germany,2009,9579.0,78448602.0,0.012210542642939642
Germany,2010,10030.0,78349067.0,0.012801684032816882
Germany,2011,10153.0,78371140.0,0.012955024005010009
Germany,2012,9896.0,78508115.0,0.012605066367979922
Germany,2013,10091.0,77270988.0,0.013059235116807358
Germany,2014,10217.0,77552369.0,0.013174323533559625
Germany,2015,10088.0,78136683.0,0.012910709301545344
Greece,2000,382.0,10403059.0,0.003671996861692316
Greece,2001,334.0,10441529.0,0.003198765238309447
Greece,2002,323.0,10482045.0,0.003081459772401282
Greece,2003,375.0,10515665.0,0.0035661082775078896
Greece,2004,353.0,10547290.0,0.003346831271350271
Greece,2005,400.0,10582816.0,0.0037797123185360115
Greece,2006,394.0,10618891.0,0.003710368625122906
Greece,2007,328.0,10653591.0,0.003078774095983223
Greece,2008,373.0,10686723.0,0.003490312231354738
Greece,2009,391.0,10719618.0,0.0036475180365568996
Greece,2010,377.0,10735384.0,0.0035117514194182528
Greece,2011,477.0,10728724.0,0.004446008677266747
Greece,2012,508.0,10539802.0,0.004819824888551038
Greece,2013,533.0,10431289.0,0.005109627391207358
Greece,2014,565.0,10380547.0,0.00544287309714989
Greece,2015,529.0,10331286.0,0.005120369332530335
Grenada,2001,0.0,91415.0,0.0
Grenada,2002,0.0,91908.0,0.0
Grenada,2003,4.0,92567.0,0.004321194378126114
Grenada,2004,1.0,93202.0,0.0010729383489624686
Grenada,2005,6.0,93685.0,0.0064044404120190005
Grenada,2006,1.0,94126.0,0.001062405711493105
Grenada,2007,3.0,94418.0,0.003177360249105043
Grenada,2008,0.0,94585.0,0.0
Grenada,2009,0.0,94746.0,0.0
Grenada,2010,0.0,94980.0,0.0
Grenada,2011,1.0,95102.0,0.001051502597211415
Grenada,2012,2.0,95426.0,0.002095864858633915
Grenada,2013,0.0,95876.0,0.0
Grenada,2014,0.0,96393.0,0.0
Grenada,2015,0.0,96892.0,0.0
Grenada,2016,0.0,97452.0,0.0
Guadeloupe,2000,37.0,390842.0,0.00946674103601967
Guadeloupe,2001,33.0,394479.0,0.00836546432129467
Guadeloupe,2002,36.0,397673.0,0.009052663872075801
Guadeloupe,2003,31.0,400641.0,0.007737600495206431
Guadeloupe,2004,39.0,403614.0,0.009662697527836002
Guadeloupe,2005,46.0,406751.0,0.01130913015579556
Guadeloupe,2006,39.0,409899.0,0.009514538947399238
Guadeloupe,2007,34.0,413323.0,0.008226012101915451
Guadeloupe,2008,43.0,416751.0,0.010317911654681091
Guadeloupe,2009,39.0,419759.0,0.00929104557615203
Guadeloupe,2010,44.0,421990.0,0.010426787364629493
Guadeloupe,2011,32.0,378522.0,0.008453933985342992
Guadeloupe,2012,40.0,424173.0,0.00943011459946767
Guadeloupe,2013,39.0,424123.0,0.009195445660810661
Guadeloupe,2014,25.0,423906.0,0.005897533887229717
Guatemala,2000,182.0,9755585.0,0.001865598013855653
Guatemala,2001,202.0,10015097.0,0.0020169550030319228
Guatemala,2002,258.0,10277166.0,0.0025104197013067608
Guatemala,2003,253.0,10542980.0,0.0023997010332941922
Guatemala,2004,250.0,10817808.0,0.0023110042256250063
Guatemala,2005,238.0,11104906.0,0.0021431968897350413
Guatemala,2006,298.0,11397134.0,0.0026146924305707033
Guatemala,2007,327.0,11708397.0,0.002792867375440037
Guatemala,2008,492.0,12032885.0,0.004088794998040786
Guatemala,2009,511.0,12359945.0,0.004134322604186346
Guatemala,2010,352.0,12682151.0,0.0027755543992497803
Guatemala,2011,359.0,13017342.0,0.002757859476996149
Guatemala,2012,420.0,13335425.0,0.0031495059212586023
Guatemala,2013,455.0,13641878.0,0.003335317908575344
Guatemala,2014,512.0,13947190.0,0.0036709903571973995
Guatemala,2015,494.0,14258397.0,0.003464625090744773
Guyana,2001,197.0,660426.0,0.02982923143546741
Guyana,2002,176.0,662839.0,0.026552450896824113
Guyana,2003,198.0,664705.0,0.02978765016059756
Guyana,2004,186.0,666308.0,0.02791501827983455
Guyana,2005,169.0,667709.0,0.02531042714715542
Guyana,2006,201.0,668408.0,0.03007145336381372
Guyana,2007,185.0,668788.0,0.027661979580973342
Guyana,2008,168.0,669253.0,0.025102614407406465
Guyana,2009,156.0,670155.0,0.023278196835060546
Guyana,2010,205.0,671825.0,0.030513898708741116
Guyana,2011,192.0,675283.0,0.028432523845558083
Guyana,2012,206.0,679356.0,0.03032283515564741
Guyana,2013,210.0,683867.0,0.03070772533255735
Hong Kong SAR,2000,890.0,6370300.0,0.013971084564306234
Hong Kong SAR,2001,997.0,6441500.0,0.015477761390980362
Hong Kong SAR,2002,1040.0,6492400.0,0.016018729591522392
Hong Kong SAR,2003,1101.0,6493500.0,0.016955416955416955
Hong Kong SAR,2004,1272.0,6555800.0,0.019402666341255072
Hong Kong SAR,2005,1143.0,6592100.0,0.017338935999150498
Hong Kong SAR,2006,1041.0,6644100.0,0.015668036302885265
Hong Kong SAR,2007,918.0,6701800.0,0.013697812527977558
Hong Kong SAR,2008,877.0,6738600.0,0.01301457275992046
Hong Kong SAR,2009,1024.0,6746800.0,0.015177565660757692
Hong Kong SAR,2010,1007.0,6786200.0,0.014838937844449028
Hong Kong SAR,2011,816.0,6822400.0,0.011960600375234522
Hong Kong SAR,2012,822.0,6887800.0,0.011934144429280757
Hong Kong SAR,2013,997.0,6919200.0,0.014409180252052262
Hong Kong SAR,2014,926.0,6964000.0,0.013296955772544515
Hong Kong SAR,2015,990.0,7009500.0,0.014123689278835866
Hungary,2000,3269.0,9527034.0,0.03431288268730856
Hungary,2001,2978.0,9704598.0,0.030686484901280814
Hungary,2002,2839.0,9680164.0,0.029328015517092482
Hungary,2003,2800.0,9652533.0,0.029007929835619315
Hungary,2004,2742.0,9630044.0,0.028473390152734503
Hungary,2005,2619.0,9608943.0,0.02725585946341861
Hungary,2006,2461.0,9591110.0,0.025659178134751867
Hungary,2007,2450.0,9572938.0,0.025592978874406168
Hungary,2008,2476.0,9552784.0,0.025919145664761185
Hungary,2009,2460.0,9534237.0,0.02580175005089553
Hungary,2010,2489.0,9514005.0,0.026161432540764903
Hungary,2011,2420.0,9495011.0,0.02548706894599701
Hungary,2012,2349.0,9453181.0,0.024848778416492818
Hungary,2013,2092.0,9433840.0,0.02217548739431663
Hungary,2014,1925.0,9412788.0,0.02045090147573705
Hungary,2015,1868.0,9389519.0,0.019894522818474515
Hungary,2016,1762.0,9355723.0,0.018833392138694144
Iceland,2000,50.0,259723.0,0.019251279247505994
Iceland,2001,36.0,263738.0,0.013649910138091591
Iceland,2002,30.0,266455.0,0.011258936781069975
Iceland,2003,26.0,268330.0,0.009689561361010695
Iceland,2004,35.0,271588.0,0.012887167326980573
Iceland,2005,33.0,274929.0,0.012003098981918968
Iceland,2006,32.0,282999.0,0.011307460450390284
Iceland,2007,37.0,289712.0,0.012771303915612745
Iceland,2008,38.0,296836.0,0.01280168173671657
Iceland,2009,36.0,296204.0,0.012153785904309192
Iceland,2010,46.0,294620.0,0.015613332428212614
Iceland,2011,27.0,295475.0,0.00913782891953634
Iceland,2012,37.0,297238.0,0.012447937343139167
Iceland,2013,49.0,300456.0,0.016308544345927524
Iceland,2014,44.0,304472.0,0.014451246748469482
Iceland,2015,40.0,308554.0,0.012963695171671731
Iceland,2016,40.0,313780.0,0.012747785072343679
Iran (Islamic Rep of),2013,2442.0,70575720.0,0.0034601134781196705
Iran (Islamic Rep of),2014,2485.0,71510966.0,0.0034749915138889325
Iran (Islamic Rep of),2015,2372.0,72460999.0,0.0032734850923046206
Ireland,2000,463.0,3523376.0,0.013140805863467312
Ireland,2001,488.0,3573974.0,0.013654268329875931
Ireland,2002,449.0,3639573.0,0.01233661201465117
Ireland,2003,454.0,3694079.0,0.012289937491861977
Ireland,2004,464.0,3752679.0,0.012364500134437292
Ireland,2005,451.0,3833357.0,0.01176514475432369
Ireland,2006,452.0,3937578.0,0.011479137683113833
Ireland,2007,458.0,4026707.0,0.011374058256535676
Ireland,2008,506.0,4094192.0,0.01235897095202179
Ireland,2009,527.0,4117667.0,0.012798509447218534
Ireland,2010,486.0,4264857.0,0.01139545827679568
Ireland,2011,554.0,4218849.0,0.013131543698293065
Ireland,2012,542.0,4220806.0,0.012841149297077383
Ireland,2013,487.0,4227378.0,0.01152014321879898
Ireland,2014,486.0,4328043.0,0.011229093611130942
Israel,2000,394.0,5643291.0,0.006981741682291414
Israel,2001,398.0,5777467.0,0.006888832078140819
Israel,2002,382.0,5895508.0,0.006479509484169982
Israel,2003,417.0,6003127.0,0.0069463797784054876
Israel,2004,411.0,6109931.0,0.006726753542715948
Israel,2005,425.0,6220861.0,0.006831851732420962
Israel,2006,367.0,6334485.0,0.005793683306535575
Israel,2007,326.0,6448814.0,0.005055193094420153
Israel,2008,354.0,6565602.0,0.0053917371171752415
Israel,2009,404.0,6731835.0,0.006001335445684572
Israel,2010,480.0,6849825.0,0.007007478293241068
Israel,2011,409.0,6971495.0,0.005866747376280124
Israel,2012,430.0,7095360.0,0.006060298561313309
Israel,2013,372.0,7226008.0,0.005148070691313932
Israel,2014,382.0,7366252.0,0.005185812269251718
Israel,2015,342.0,7516180.0,0.0045501837369514835
Italy,2000,4108.0,54298946.0,0.0075655243842118036
Italy,2001,4030.0,54333844.0,0.007417108202394073
Italy,2002,4069.0,54526842.0,0.007462379721165587
Italy,2003,4075.0,54937570.0,0.007417510457779621
Italy,2004,3986.0,54988156.0,0.007248833730667382
Italy,2005,3742.0,55244690.0,0.006773501670477289
Italy,2006,3700.0,56180672.0,0.006585894878580306
Italy,2007,3757.0,56583578.0,0.006639735649095926
Italy,2008,3904.0,57009825.0,0.006847942437992048
Italy,2009,3974.0,57351830.0,0.006929159889056722
Italy,2010,3989.0,57637843.0,0.006920800280468511
Italy,2011,4153.0,56610149.0,0.007336140380058
Italy,2012,4257.0,56795085.0,0.007495366896624946
Italy,2013,4290.0,57503331.0,0.007460437378836367
Italy,2014,4147.0,58100676.0,0.007137610584771853
Italy,2015,3988.0,58117697.0,0.0068619374232946635
Jamaica,2000,3.0,2367841.0,0.00012669769634025257
Jamaica,2001,5.0,2391278.0,0.00020909321291794598
Jamaica,2002,2.0,2415717.0,8.279115475860791e-05
Jamaica,2003,2.0,2440426.0,8.195290494364509e-05
Jamaica,2004,1.0,2464408.0,4.0577696550246547e-05
Jamaica,2005,51.0,2487169.0,0.0020505241099418657
Jamaica,2006,0.0,2512597.0,0.0
Jamaica,2009,36.0,2568883.0,0.0014013872955677624
Jamaica,2010,3.0,2586652.0,0.00011598003906207717
Jamaica,2011,50.0,2601037.0,0.0019223102170403572
Japan,2000,29989.0,119752660.0,0.02504244999651782
Japan,2001,29132.0,120066000.0,0.024263321839654857
Japan,2002,29715.0,120189000.0,0.024723560392381997
Japan,2003,31881.0,120395000.0,0.026480335562108062
Japan,2004,30034.0,120500000.0,0.024924481327800826
Japan,2005,30369.0,120657507.0,0.02516959015239723
Japan,2006,29769.0,120702000.0,0.024663220162051996
Japan,2007,30665.0,120704000.0,0.025405123276776246
Japan,2008,30073.0,120602000.0,0.024935739042470272
Japan,2009,30523.0,120496000.0,0.025331131323861375
Japan,2010,29411.0,121127267.0,0.02428107289830951
Japan,2011,28766.0,120927000.0,0.023787905099770936
Japan,2012,26338.0,120735000.0,0.021814718184453553
Japan,2013,25991.0,120514000.0,0.02156678892078929
Japan,2014,24357.0,120274000.0,0.020251259623858854
Japan,2015,23092.0,120376310.0,0.0191831764904573
Kazakhstan,2000,4428.0,13772422.0,0.03215120768155376
Kazakhstan,2001,4377.0,13772696.0,0.03178027018094351
Kazakhstan,2002,4240.0,13777476.0,0.03077486761726168
Kazakhstan,2003,4321.0,13811863.0,0.031284700695337044
Kazakhstan,2004,4394.0,13873328.0,0.03167228512149356
Kazakhstan,2005,3903.0,13947770.0,0.027982967886622738
Kazakhstan,2006,4076.0,14037676.0,0.029036145299264637
Kazakhstan,2007,4141.0,14125606.0,0.029315556444091673
Kazakhstan,2008,3997.0,14216053.0,0.028116102268330036
Kazakhstan,2009,3838.0,14370635.0,0.026707240146312254
Kazakhstan,2010,3609.0,14713167.0,0.024529049388211252
Kazakhstan,2011,3401.0,14853350.0,0.022897191542648628
Kazakhstan,2012,3240.0,15023549.0,0.021566142593870463
Kazakhstan,2013,3512.0,15215382.0,0.023081904877577178
Kazakhstan,2014,3119.0,15428844.0,0.0202153836022971
Kazakhstan,2015,2872.0,15646752.0,0.01835524714650044
Kiribati,2000,0.0,72440.0,0.0
Kiribati,2001,0.0,73851.0,0.0
Kuwait,2000,34.0,1973153.0,0.0017231304414812231
Kuwait,2001,30.0,2038530.0,0.0014716486880251946
Kuwait,2002,45.0,2158603.0,0.0020846816204739826
Kuwait,2003,44.0,1950622.0,0.0022556907488995815
Kuwait,2004,45.0,1996086.0,0.0022544118840570997
Kuwait,2005,52.0,2062968.0,0.0025206401650437623
Kuwait,2006,45.0,2165713.0,0.002077837645154275
Kuwait,2007,51.0,3074918.0,0.0016585808141875652
Kuwait,2008,47.0,3369394.0,0.0013949095890833782
Kuwait,2009,61.0,3165654.0,0.001926932002044443
Kuwait,2010,39.0,3281614.0,0.001188439591006133
Kuwait,2011,41.0,3333698.0,0.0012298654527194725
Kuwait,2012,56.0,3496698.0,0.0016015109111510346
Kuwait,2013,41.0,3574090.0,0.0011471451474361306
Kuwait,2014,68.0,3715284.0,0.0018302773085449187
Kyrgyzstan,2000,510.0,4369202.0,0.01167261206966398
Kyrgyzstan,2001,560.0,4425784.0,0.012653125412356319
Kyrgyzstan,2002,567.0,4473163.0,0.012675594428372048
Kyrgyzstan,2003,479.0,4520843.0,0.010595369049533461
Kyrgyzstan,2004,438.0,4572278.0,0.009579470014727889
Kyrgyzstan,2005,470.0,4614533.0,0.010185212674825384
Kyrgyzstan,2006,463.0,4646475.0,0.009964543013790024
Kyrgyzstan,2007,482.0,4668640.0,0.010324205764419616
Kyrgyzstan,2008,473.0,4690924.0,0.010083301285631573
Kyrgyzstan,2009,458.0,4800134.0,0.009541400302574886
Kyrgyzstan,2010,500.0,4837556.0,0.010335797663117492
Kyrgyzstan,2011,471.0,4870538.0,0.009670389595564186
Kyrgyzstan,2012,524.0,4932360.0,0.01062371765240169
Kyrgyzstan,2013,446.0,5012200.0,0.00889828817684849
Kyrgyzstan,2014,461.0,5096430.0,0.00904554756957321
Kyrgyzstan,2015,417.0,5195827.0,0.0080256713705056
Latvia,2000,770.0,2272107.0,0.03388924905385178
Latvia,2001,708.0,2242227.0,0.03157575035890657
Latvia,2002,670.0,2214484.0,0.03025535519787002
Latvia,2003,604.0,2190211.0,0.0275772516894491
Latvia,2004,563.0,2163477.0,0.026022925133939487
Latvia,2005,564.0,2137831.0,0.02638187957794606
Latvia,2006,487.0,2115215.0,0.023023664261079844
Latvia,2007,453.0,2093878.0,0.02163449828500037
Latvia,2008,527.0,2067529.0,0.025489364357162585
Latvia,2009,516.0,2030316.0,0.025414763022110844
Latvia,2010,438.0,1987906.0,0.022033234971874927
Latvia,2011,440.0,1953611.0,0.022522395707231378
Latvia,2012,444.0,1931521.0,0.02298706563376738
Latvia,2013,383.0,1912464.0,0.020026520760652224
Latvia,2014,382.0,1894041.0,0.02016851799934637
Latvia,2015,387.0,1875522.0,0.020634255423290157
Lithuania,2000,1631.0,3315125.0,0.04919874816183402
Lithuania,2001,1533.0,3294138.0,0.04653721246650869
Lithuania,2002,1551.0,3274488.0,0.04736618365985766
Lithuania,2003,1455.0,3254127.0,0.044712452832971795
Lithuania,2004,1380.0,3222969.0,0.04281766284441457
Lithuania,2005,1319.0,3174728.0,0.041546866377214046
Lithuania,2006,1049.0,3125767.0,0.03355976309174676
Lithuania,2007,1025.0,3087867.0,0.03319443486393682
Lithuania,2008,1111.0,3053756.0,0.03638142667587063
Lithuania,2009,1138.0,3016497.0,0.03772587872621786
Lithuania,2010,1018.0,2949737.0,0.03451155136881695
Lithuania,2011,1018.0,2879805.0,0.035349615685784284
Lithuania,2012,927.0,2837770.0,0.0326664951705036
Lithuania,2013,1085.0,2806627.0,0.038658503605929824
Lithuania,2014,930.0,2781577.0,0.033434271278486985
Lithuania,2015,896.0,2753926.0,0.032535369505208196
Lithuania,2016,826.0,2717150.0,0.030399499475553426
Luxembourg,2000,62.0,410164.0,0.015115904857569166
Luxembourg,2001,73.0,413930.0,0.01763583214553185
Luxembourg,2002,85.0,418106.0,0.02032977283272663
Luxembourg,2003,48.0,423654.0,0.011330000424875015
Luxembourg,2004,62.0,430128.0,0.014414313878659376
Luxembourg,2005,49.0,437338.0,0.011204148736217754
Luxembourg,2006,65.0,444821.0,0.014612619458164071
Luxembourg,2007,78.0,452012.0,0.017256179039494526
Luxembourg,2008,43.0,460371.0,0.00934029293765246
Luxembourg,2009,48.0,469209.0,0.010229982800841416
Luxembourg,2010,54.0,477979.0,0.011297567466353124
Luxembourg,2011,55.0,488918.0,0.011249330153522677
Luxembourg,2012,51.0,501044.0,0.010178746776730186
Luxembourg,2013,40.0,512689.0,0.007802000823111086
Luxembourg,2014,67.0,524940.0,0.012763363432011279
Luxembourg,2015,64.0,537748.0,0.011901485454153246
Maldives,2000,0.0,247387.0,0.0
Maldives,2001,3.0,255503.0,0.0011741545109059384
Maldives,2002,3.0,263747.0,0.0011374536961557857
Maldives,2003,4.0,272110.0,0.0014699937525265519
Maldives,2004,1.0,280526.0,0.0003564731967803341
Maldives,2005,1.0,288936.0,0.00034609740565384723
Maldives,2007,5.0,305536.0,0.001636468370339338
Maldives,2008,0.0,313924.0,0.0
Maldives,2010,1.0,331559.0,0.0003016054457879291
Maldives,2011,2.0,341018.0,0.000586479306077685
Malta,2000,23.0,362676.0,0.006341748557941524
Malta,2001,30.0,370541.0,0.008096270048388707
Malta,2002,19.0,374456.0,0.005074027389065738
Malta,2003,20.0,377785.0,0.005294016437921039
Malta,2004,24.0,380918.0,0.006300568626318524
Malta,2005,19.0,384111.0,0.004946486822819445
Malta,2006,26.0,386038.0,0.006735088255560333
Malta,2007,26.0,387581.0,0.006708275173447614
Malta,2008,14.0,390195.0,0.003587949614936122
Malta,2009,36.0,393102.0,0.009157928476578599
Malta,2010,31.0,394949.0,0.007849114695821486
Malta,2011,20.0,396423.0,0.005045115949377306
Malta,2012,25.0,399138.0,0.006263497837840547
Malta,2013,22.0,402728.0,0.005462744085337995
Malta,2014,32.0,406525.0,0.007871594612877437
Malta,2015,34.0,410637.0,0.008279818915489838
Martinique,2000,33.0,359606.0,0.009176710066016697
Martinique,2001,40.0,362334.0,0.011039538105725657
Martinique,2002,31.0,365218.0,0.008488081091293419
Martinique,2003,32.0,368047.0,0.008694541729724736
Martinique,2004,34.0,370468.0,0.009177580789703835
Martinique,2005,26.0,372121.0,0.006986974666842237
Martinique,2006,36.0,372833.0,0.009655797635938879
Martinique,2007,32.0,372982.0,0.008579502496099008
Martinique,2008,50.0,372600.0,0.013419216317767043
Martinique,2009,26.0,371899.0,0.006991145445403187
Martinique,2010,26.0,371079.0,0.007006594283158033
Martinique,2011,37.0,367787.0,0.010060170696626037
Martinique,2013,27.0,367843.0,0.007340088026685298
Martinique,2014,32.0,366824.0,0.008723529540051905
Mauritius,2000,137.0,1056073.0,0.012972588069195974
Mauritius,2001,113.0,1068947.0,0.010571150861548795
Mauritius,2002,131.0,1079755.0,0.012132381882927146
Mauritius,2003,88.0,1092234.0,0.00805688158398292
Mauritius,2004,97.0,1103091.0,0.00879347216140826
Mauritius,2005,102.0,1113942.0,0.009156670634557275
Mauritius,2006,118.0,1125301.0,0.01048608327905156
Mauritius,2007,127.0,1135233.0,0.011187130747608642
Mauritius,2008,84.0,1146258.0,0.007328193129295499
Mauritius,2009,115.0,1159551.0,0.009917631910972436
Mauritius,2010,98.0,1164931.0,0.008412515419368185
Mauritius,2011,118.0,1173352.0,0.010056658189528804
Mauritius,2012,115.0,1180547.0,0.009741247065978738
Mauritius,2013,98.0,1147390.0,0.008541123767855742
Mauritius,2014,120.0,1151424.0,0.010421877605469402
Mauritius,2015,104.0,1154848.0,0.009005514145584526
Mauritius,2016,98.0,1157229.0,0.008468505369291644
Mayotte,2011,0.0,179194.0,0.0
Mayotte,2012,2.0,185190.0,0.001079971920730061
Mayotte,2013,3.0,191591.0,0.0015658355559499142
Mayotte,2014,1.0,198113.0,0.0005047624335606446
Mexico,2000,3456.0,89694793.0,0.003853066476222315
Mexico,2001,3760.0,91052714.0,0.004129476030774876
Mexico,2002,3826.0,92394316.0,0.0041409473716976265
Mexico,2003,4070.0,93758859.0,0.004340923133460914
Mexico,2004,4056.0,95193068.0,0.004260814453422176
Mexico,2005,4274.0,96730008.0,0.004418484075799932
Mexico,2006,4230.0,98468839.0,0.004295775235046694
Mexico,2007,4285.0,100294297.0,0.004272426377344267
Mexico,2008,4642.0,102170587.0,0.004543381942202211
Mexico,2009,5023.0,104044342.0,0.004827749307117536
Mexico,2010,4858.0,105875861.0,0.004588392438197032
Mexico,2011,5558.0,107655100.0,0.005162783741782786
Mexico,2012,5381.0,109368765.0,0.00492005189964429
Mexico,2013,5711.0,111036708.0,0.005143344127241236
Mexico,2014,6178.0,112692589.0,0.0054821706154962865
Mexico,2015,6234.0,114357884.0,0.005451307581032192
Mongolia,2016,450.0,2698164.0,0.016678007711910765
Montenegro,2000,0.0,578668.0,0.0
Montenegro,2001,0.0,578668.0,0.0
Montenegro,2002,0.0,578668.0,0.0
Montenegro,2003,0.0,579688.0,0.0
Montenegro,2004,0.0,581623.0,0.0
Montenegro,2005,118.0,583232.0,0.020232086030944802
Montenegro,2006,0.0,584885.0,0.0
Montenegro,2007,121.0,587244.0,0.020604723079333292
Montenegro,2008,126.0,589953.0,0.02135763357419998
Montenegro,2009,107.0,592234.0,0.018067182904054815
Netherlands,2000,1501.0,14933235.0,0.010051405472424429
Netherlands,2001,1474.0,15038337.0,0.00980161569726759
Netherlands,2002,1570.0,15130318.0,0.010376516871621602
Netherlands,2003,1502.0,15203397.0,0.009879371037933167
Netherlands,2004,1514.0,15265861.0,0.009917553946023745
Netherlands,2005,1574.0,15320595.0,0.010273752422800812
Netherlands,2006,1525.0,15368697.0,0.009922767037439804
Netherlands,2007,1354.0,15425404.0,0.008777727960966208
Netherlands,2008,1439.0,15506963.0,0.009279702285998876
Netherlands,2009,1530.0,15602176.0,0.009806324451153479
Netherlands,2010,1604.0,15691409.0,0.010222154046204518
Netherlands,2011,1650.0,15772162.0,0.010461470025479069
Netherlands,2012,1756.0,15839503.0,0.01108620642958305
Netherlands,2013,1856.0,15899508.0,0.011673317186921758
Netherlands,2014,1839.0,15899508.0,0.011566395639412239
Netherlands,2015,1873.0,16057342.0,0.011664446083293237
Netherlands,2016,1895.0,16155753.0,0.011729567789257486
New Zealand,2000,458.0,3573690.0,0.012815884981629631
New Zealand,2001,508.0,3599090.0,0.01411467898829982
New Zealand,2002,467.0,3659190.0,0.012762387304294118
New Zealand,2003,519.0,3729420.0,0.013916373055327638
New Zealand,2004,495.0,3802510.0,0.01301771724466208
New Zealand,2005,514.0,3849280.0,0.01335314656247402
New Zealand,2006,527.0,3898600.0,0.013517673010824398
New Zealand,2007,494.0,3935450.0,0.012552567050781996
New Zealand,2008,520.0,3968450.0,0.013103352694376897
New Zealand,2009,512.0,4009980.0,0.012768143482012379
New Zealand,2010,536.0,4055470.0,0.01321671717458149
New Zealand,2011,493.0,4090460.0,0.012052434200554461
New Zealand,2012,549.0,4120870.0,0.013322429486977266
New Zealand,2013,513.0,4129770.0,0.012421999288095948
Nicaragua,2010,351.0,5107427.0,0.006872344920446244
Nicaragua,2011,369.0,5177921.0,0.007126412318766547
Nicaragua,2012,316.0,5251443.0,0.006017393695409052
Nicaragua,2013,351.0,5326935.0,0.006589154926801247
Nicaragua,2014,311.0,5402424.0,0.005756675151746698
Nicaragua,2015,315.0,5476483.0,0.0057518666633311925
Norway,2000,541.0,4168315.0,0.012978865560784154
Norway,2001,549.0,4215103.0,0.013024592756096352
Norway,2002,494.0,4243689.0,0.011640815337787477
Norway,2003,502.0,4273124.0,0.011747845370272427
Norway,2004,529.0,4301960.0,0.012296720564579866
Norway,2005,533.0,4335092.0,0.01229501011743234
Norway,2006,532.0,4372103.0,0.01216805733991171
Norway,2007,485.0,4417369.0,0.010979386145916268
Norway,2008,505.0,4472089.0,0.01129226184899272
Norway,2009,573.0,4527536.0,0.01265589053295214
Norway,2010,548.0,4582885.0,0.011957533300530124
Norway,2011,598.0,4643300.0,0.012878771563327805
Norway,2012,515.0,4706585.0,0.0109421162052741
Norway,2013,554.0,4767605.0,0.011620090171060733
Norway,2014,548.0,4827178.0,0.01135238849696448
Norway,2015,590.0,4882909.0,0.012082961202021172
Oman,2009,13.0,2607549.0,0.0004985524720724328
Oman,2010,13.0,2748440.0,0.000472995590225728
Oman,2014,7.0,3631098.0,0.00019277915385373787
Panama,2000,143.0,2688510.0,0.005318931303956467
Panama,2001,162.0,2742982.0,0.005905981154816182
Panama,2002,160.0,2800046.0,0.005714191838276942
Panama,2003,195.0,2858964.0,0.006820652516086246
Panama,2004,186.0,2918453.0,0.006373239521075035
Panama,2005,172.0,2977595.0,0.005776473966405774
Panama,2006,185.0,3037959.0,0.006089614770969589
Panama,2007,171.0,3097138.0,0.005521226370926966
Panama,2008,186.0,3155636.0,0.0058942159361852885
Panama,2009,177.0,3214513.0,0.0055062773116798715
Panama,2010,151.0,3274415.0,0.004611510758410281
Panama,2011,144.0,3334191.0,0.004318888749924644
Panama,2012,135.0,3395244.0,0.003976150167705178
Panama,2013,130.0,3457387.0,0.0037600650433405342
Panama,2014,147.0,3520213.0,0.004175883675220789
Panama,2015,110.0,3583382.0,0.003069725750701432
Paraguay,2000,154.0,4598158.0,0.003349167210000178
Paraguay,2001,152.0,4701314.0,0.003233138650173122
Paraguay,2002,177.0,4809921.0,0.0036798941188431163
Paraguay,2003,174.0,4920489.0,0.0035362338987039704
Paraguay,2004,234.0,5027301.0,0.004654585034793023
Paraguay,2005,239.0,5126457.0,0.004662089236289312
Paraguay,2006,251.0,5223460.0,0.0048052440336481955
Paraguay,2007,227.0,5307169.0,0.0042772333046111775
Paraguay,2008,222.0,5382169.0,0.004124731126057171
Paraguay,2009,283.0,5456220.0,0.005186741003845152
Paraguay,2010,223.0,5534703.0,0.004029123152588314
Paraguay,2011,298.0,5610499.0,0.005311470512694147
Paraguay,2012,275.0,5695283.0,0.0048285572464090015
Paraguay,2013,323.0,5786207.0,0.005582240663011192
Paraguay,2014,379.0,5877594.0,0.006448216736304005
Philippines,2000,1403.0,67243482.0,0.0020864475756921692
Philippines,2001,1204.0,68738092.0,0.001751576112994233
Philippines,2002,1301.0,70256443.0,0.001851787458126794
Philippines,2003,1544.0,71781489.0,0.002150972376736292
Philippines,2006,1788.0,76435755.0,0.00233921938757588
Philippines,2007,1698.0,78008654.0,0.0021766815768927378
Philippines,2008,1820.0,79595888.0,0.0022865502800848204
Philippines,2009,2074.0,81193855.0,0.0025543805008396265
Philippines,2010,2116.0,82760992.0,0.0025567600736346903
Philippines,2011,2449.0,84201767.0,0.002908490032044102
Poland,2000,5841.0,36233344.0,0.01612051043370438
Poland,2001,5855.0,36295390.0,0.016131525243288473
Poland,2002,5925.0,36347498.0,0.016300984458407566
Poland,2003,5836.0,36353775.0,0.01605335346879382
Poland,2004,6072.0,36371596.0,0.016694345774653386
Poland,2005,6045.0,36371365.0,0.016620217580505983
Poland,2006,5805.0,36348232.0,0.015970515429746347
Poland,2007,5284.0,36310843.0,0.01455212703268828
Poland,2008,5682.0,36262711.0,0.0156689884548345
Poland,2009,6477.0,36223402.0,0.01788070595909241
Poland,2010,6357.0,36027791.0,0.01764471210571861
Poland,2011,6113.0,36008237.0,0.016976671198870415
Poland,2012,6368.0,36013446.0,0.017682284555607372
Poland,2013,6218.0,36023694.0,0.017260861698414384
Poland,2014,5934.0,36059630.0,0.0164560756724348
Poland,2015,5420.0,36086575.0,0.01501943589825302
Portugal,2000,524.0,9740085.0,0.0053798298474807965
Portugal,2001,761.0,9809536.0,0.007757757349583099
Portugal,2002,1210.0,9859832.0,0.012272014371035936
Portugal,2003,1156.0,9895009.0,0.011682657388184286
Portugal,2007,1020.0,10005713.0,0.0101941760672128
Portugal,2008,1038.0,10030640.0,0.01034829283076653
Portugal,2009,1025.0,10049918.0,0.010199088191565344
Portugal,2010,1099.0,10066628.0,0.010917260476894546
Portugal,2011,1017.0,10062815.0,0.010106515920246969
Portugal,2012,1076.0,10029396.0,0.010728462611307799
Portugal,2013,1052.0,9985074.0,0.010535725624066482
Portugal,2014,1222.0,9944433.0,0.012288282298246668
Puerto Rico,2000,305.0,3511947.0,0.00868464131150043
Puerto Rico,2001,289.0,3522212.0,0.008205071131436722
Puerto Rico,2002,239.0,3523951.0,0.006782160137867978
Puerto Rico,2003,262.0,3519026.0,0.007445241950471523
Puerto Rico,2004,279.0,3511462.0,0.007945408493670158
Puerto Rico,2005,289.0,3504599.0,0.008246307209469613
Puerto Rico,2006,265.0,3499036.0,0.007573514533717287
Puerto Rico,2007,271.0,3493631.0,0.007756972616741723
Puerto Rico,2008,300.0,3488811.0,0.008598918084126656
Puerto Rico,2009,330.0,3484474.0,0.009470582934468732
Puerto Rico,2010,286.0,3480379.0,0.008217495853181506
Puerto Rico,2011,258.0,3475298.0,0.007423823798707334
Puerto Rico,2012,248.0,3472672.0,0.007141474921904516
Puerto Rico,2013,241.0,3471665.0,0.006941914038364877
Puerto Rico,2014,220.0,3470956.0,0.006338311404696573
Puerto Rico,2015,226.0,3469521.0,0.0065138674762308686
Qatar,2001,23.0,539483.0,0.0042633410135259125
Qatar,2004,21.0,697191.0,0.0030120870751343606
Qatar,2005,17.0,796618.0,0.0021340215762134422
Qatar,2006,29.0,940090.0,0.003084811028731292
Qatar,2007,41.0,1115479.0,0.00367555104130154
Qatar,2008,33.0,1310465.0,0.002518190108091403
Qatar,2009,44.0,1506649.0,0.002920388225791143
Qatar,2010,47.0,1689592.0,0.0027817366559500754
Qatar,2011,50.0,1854081.0,0.002696753809569269
Qatar,2012,43.0,2003149.0,0.0021466201465792107
Qatar,2013,37.0,2135349.0,0.0017327378334876407
Qatar,2014,55.0,2251682.0,0.0024426184514509596
Qatar,2015,66.0,2354147.0,0.002803563243926569
Qatar,2016,70.0,2439861.0,0.0028690158988565334
Republic of Korea,2000,6444.0,44271743.0,0.014555559739312725
Republic of Korea,2001,6911.0,44710865.0,0.015457093035440043
Republic of Korea,2002,8611.0,45110041.0,0.019088876465441475
Republic of Korea,2003,10898.0,45455888.0,0.023974891877593503
Republic of Korea,2004,11492.0,45779970.0,0.025102681369166473
Republic of Korea,2005,12011.0,46151884.0,0.02602493974027149
Republic of Korea,2006,10653.0,46513964.0,0.022902799683983073
Republic of Korea,2007,12174.0,46814207.0,0.02600492623959218
Republic of Korea,2008,12858.0,47101747.0,0.027298350526149272
Republic of Korea,2009,15402.0,47380017.0,0.032507375419472725
Republic of Korea,2010,15558.0,47598615.0,0.03268582499721893
Republic of Korea,2011,15906.0,47798017.0,0.03327753115783025
Republic of Korea,2012,14159.0,48020985.0,0.02948502618178282
Republic of Korea,2013,14426.0,48248224.0,0.029899546147025016
Republic of Korea,2014,13834.0,48465917.0,0.028543770254052966
Republic of Korea,2015,13510.0,48671752.0,0.02775737351718919
Republic of Moldova,2000,544.0,3429938.0,0.015860344997489752
Republic of Moldova,2001,622.0,3431822.0,0.018124483146270406
Republic of Moldova,2002,583.0,3432661.0,0.016983908402257025
Republic of Moldova,2003,620.0,3429646.0,0.01807766749104718
Republic of Moldova,2004,603.0,3423072.0,0.017615755672098048
Republic of Moldova,2005,631.0,3413927.0,0.018483113435055876
Republic of Moldova,2006,637.0,3401676.0,0.01872606326998809
Republic of Moldova,2007,562.0,3391098.0,0.01657280326313188
Republic of Moldova,2008,620.0,3382884.0,0.018327557196758743
Republic of Moldova,2009,651.0,3376100.0,0.019282604188264565
Republic of Moldova,2010,676.0,3370322.0,0.020057430714335307
Republic of Moldova,2011,502.0,3366699.0,0.01491074788687673
Republic of Moldova,2012,571.0,3365119.0,0.016968196369875777
Republic of Moldova,2013,576.0,3363814.0,0.017123420022629073
Republic of Moldova,2014,581.0,3362985.0,0.01727631850870581
Republic of Moldova,2015,556.0,3362560.0,0.016535020936429386
Republic of Moldova,2016,546.0,3362300.0,0.016238884097195372
Reunion,2001,97.0,677218.0,0.014323305050958482
Reunion,2002,93.0,687808.0,0.013521215222852889
Reunion,2003,107.0,697860.0,0.015332588198205944
Reunion,2004,80.0,707571.0,0.011306285870958532
Reunion,2005,89.0,717073.0,0.012411567580985477
Reunion,2006,92.0,725190.0,0.012686330478908976
Reunion,2007,92.0,733905.0,0.012535682411211262
Reunion,2008,93.0,742881.0,0.012518828722231421
Reunion,2009,99.0,751564.0,0.013172530882266846
Reunion,2010,89.0,759553.0,0.011717418007696632
Reunion,2011,76.0,766113.0,0.009920207593396797
Reunion,2012,84.0,774900.0,0.01084010840108401
Reunion,2013,93.0,781254.0,0.011903939051832055
Reunion,2014,82.0,787580.0,0.010411640722212347
Rodrigues,2004,1.0,32647.0,0.0030630685821055534
Rodrigues,2005,1.0,32745.0,0.0030539013589861047
Rodrigues,2006,3.0,32871.0,0.009126585744273066
Rodrigues,2007,1.0,33043.0,0.003026359592046727
Rodrigues,2008,2.0,33344.0,0.005998080614203455
Rodrigues,2010,5.0,33866.0,0.014764070158861393
Rodrigues,2011,3.0,34145.0,0.008786059452335628
Rodrigues,2012,1.0,34509.0,0.00289779477817381
Rodrigues,2013,2.0,37773.0,0.005294787281920949
Rodrigues,2014,6.0,38170.0,0.015719151165837046
Rodrigues,2015,2.0,38533.0,0.005190356317961228
Rodrigues,2016,8.0,38758.0,0.020640899943237527
Romania,2000,2836.0,21290400.0,0.013320557622214707
Romania,2001,2720.0,21272887.0,0.012786228780324926
Romania,2002,3067.0,20700580.0,0.014816009986193623
Romania,2003,2894.0,20656841.0,0.014009886603668004
Romania,2004,2720.0,20610767.0,0.013196985827844253
Romania,2005,2603.0,20569960.0,0.012654375604036178
Romania,2006,2721.0,20526561.0,0.013255995487992361
Romania,2007,2430.0,20475026.0,0.011868116797507364
Romania,2008,2472.0,20433803.0,0.01209760121500633
Romania,2009,2586.0,20390882.0,0.012682139007032654
Romania,2010,2766.0,20348649.0,0.013593040009683198
Romania,2011,2536.0,20291701.0,0.01249772012706081
Romania,2012,2495.0,19041594.0,0.013102894642118721
Romania,2013,2407.0,19003345.0,0.012666191136349942
Romania,2014,2209.0,18952235.0,0.011655617398159108
Romania,2015,2228.0,18863927.0,0.011810902364072973
Romania,2016,1969.0,18743783.0,0.010504816450339828
Russian Federation,2000,56619.0,138205695.0,0.040967197480537974
Russian Federation,2001,56958.0,137521509.0,0.04141752109482743
Russian Federation,2002,55024.0,136590900.0,0.040283796358322556
Russian Federation,2003,51445.0,137019868.0,0.03754564994910081
Russian Federation,2004,49096.0,137071699.0,0.03581775111724558
Russian Federation,2005,45802.0,136162191.0,0.0336378253490354
Russian Federation,2006,42614.0,135357462.0,0.03148256429335237
Russian Federation,2007,41149.0,134778964.0,0.030530728816108126
Russian Federation,2008,38211.0,134385949.0,0.028433776212719978
Russian Federation,2009,37408.0,134085433.0,0.027898630867679713
Russian Federation,2010,33356.0,134865987.0,0.024732700024654844
Russian Federation,2011,31038.0,134745874.0,0.023034471541592435
Russian Federation,2012,29643.0,134668522.0,0.022011825450939458
Russian Federation,2013,28690.0,134713962.0,0.021296975884355623
Russian Federation,2014,26541.0,134713962.0,0.01970174405530438
Russian Federation,2015,25432.0,137018943.0,0.018560937227489777
Saint Lucia,2000,14.0,141100.0,0.009922041105598866
Saint Lucia,2001,7.0,143166.0,0.004889429054384421
Saint Lucia,2002,12.0,145168.0,0.008266284580623829
Saint Lucia,2003,10.0,147127.0,0.006796848980812495
Saint Lucia,2004,8.0,149121.0,0.005364770890753147
Saint Lucia,2005,4.0,151169.0,0.002646045154760566
Saint Lucia,2006,2.0,153460.0,0.0013032712107389549
Saint Lucia,2008,0.0,157876.0,0.0
Saint Lucia,2009,13.0,159820.0,0.008134150919784757
Saint Lucia,2010,4.0,161503.0,0.002476734178312477
Saint Lucia,2011,8.0,162892.0,0.004911229526311912
Saint Lucia,2012,10.0,163940.0,0.00609979260705136
Saint Lucia,2013,14.0,164790.0,0.008495661144486922
Saint Lucia,2014,14.0,165596.0,0.00845431049059156
Saint Vincent and Grenadines,2000,5.0,96956.0,0.0051569784232022775
Saint Vincent and Grenadines,2001,8.0,97341.0,0.008218530732168357
Saint Vincent and Grenadines,2002,7.0,97799.0,0.007157537398132905
Saint Vincent and Grenadines,2003,4.0,98292.0,0.004069507182680177
Saint Vincent and Grenadines,2004,4.0,98740.0,0.004051043143609479
Saint Vincent and Grenadines,2005,8.0,99118.0,0.008071187877075808
Saint Vincent and Grenadines,2006,6.0,99463.0,0.006032393955541257
Saint Vincent and Grenadines,2007,11.0,99689.0,0.011034316725014795
Saint Vincent and Grenadines,2008,4.0,99826.0,0.004006972131508825
Saint Vincent and Grenadines,2009,1.0,99927.0,0.0010007305332893012
Saint Vincent and Grenadines,2010,5.0,100050.0,0.004997501249375313
Saint Vincent and Grenadines,2011,5.0,100037.0,0.004998150684246828
Saint Vincent and Grenadines,2012,10.0,100167.0,0.00998332784250302
Saint Vincent and Grenadines,2013,0.0,100398.0,0.0
Saint Vincent and Grenadines,2014,2.0,100676.0,0.0019865707815169458
Saint Vincent and Grenadines,2015,3.0,100948.0,0.0029718270792883465
San Marino,2000,1.0,25369.0,0.003941818755173637
San Marino,2005,1.0,28264.0,0.0035380696292103024
Serbia,2000,1543.0,7149140.0,0.021583015579496274
Serbia,2001,1442.0,7142410.0,0.02018926384791688
Serbia,2002,1446.0,7138113.0,0.0202574545961937
Serbia,2003,1378.0,7111975.0,0.019375771146552118
Serbia,2004,1345.0,7086364.0,0.018980114484663784
Serbia,2005,1437.0,7058982.0,0.020357042984385
Serbia,2006,1443.0,7031811.0,0.020521029362137292
Serbia,2007,1353.0,7009610.0,0.019302072440549475
Serbia,2008,1289.0,6988532.0,0.018444503080189086
Serbia,2009,1373.0,6968240.0,0.019703684144059333
Serbia,2010,1207.0,6944871.0,0.01737973246731293
Serbia,2011,1256.0,6900027.0,0.0182028273222699
Serbia,2012,1243.0,6867174.0,0.018100604411654633
Serbia,2013,1197.0,6832840.0,0.01751833790927345
Serbia,2014,1134.0,6801810.0,0.016672032885364337
Serbia,2015,1062.0,6766406.0,0.01569518589336791
Seychelles,2001,6.0,75363.0,0.007961466502129692
Seychelles,2002,5.0,76904.0,0.006501612399875168
Seychelles,2003,8.0,78402.0,0.010203821331088492
Seychelles,2004,6.0,79735.0,0.0075249263184297985
Seychelles,2005,5.0,80900.0,0.006180469715698394
Seychelles,2006,8.0,81691.0,0.00979300045292627
Seychelles,2007,6.0,82331.0,0.007287655925471572
Seychelles,2008,4.0,82900.0,0.0048250904704463205
Seychelles,2009,4.0,83429.0,0.004794495918685349
Seychelles,2010,6.0,83885.0,0.007152649460571019
Seychelles,2011,5.0,80717.0,0.006194481955474064
Seychelles,2012,3.0,81224.0,0.003693489608982567
Seychelles,2013,9.0,82541.0,0.010903672114464327
Seychelles,2014,4.0,83845.0,0.004770707853777804
Seychelles,2015,7.0,85949.0,0.00814436468138082
Singapore,2000,309.0,3047600.0,0.010139125869536685
Singapore,2001,305.0,3103000.0,0.009829197550757332
Singapore,2002,321.0,3165200.0,0.010141539239226588
Singapore,2003,320.0,3226200.0,0.00991878990763127
Singapore,2004,335.0,3281400.0,0.01020905710977022
Singapore,2005,359.0,3342400.0,0.010740785064624222
Singapore,2006,372.0,3411900.0,0.010903015914886134
Singapore,2007,328.0,3389600.0,0.009676658012744867
Singapore,2008,319.0,3448900.0,0.009249325872017166
Singapore,2009,349.0,3536100.0,0.009869630383756116
Singapore,2010,296.0,3576800.0,0.008275553567434578
Singapore,2011,308.0,3600900.0,0.008553417201255242
Singapore,2012,392.0,3631600.0,0.01079414032382421
Singapore,2013,357.0,3661456.0,0.009750219584777203
Singapore,2014,355.0,3689370.0,0.009622239027259396
Singapore,2015,329.0,3719115.0,0.008846190558775406
Slovakia,2000,729.0,5111813.0,0.01426108505925393
Slovakia,2001,692.0,5100256.0,0.013567946393279082
Slovakia,2002,717.0,5107584.0,0.014037948274565821
Slovakia,2003,753.0,5113982.0,0.014724338098960848
Slovakia,2004,676.0,5121210.0,0.013200005467457887
Slovakia,2005,679.0,5126946.0,0.01324375173836432
Slovakia,2006,0.0,5129369.0,0.0
Slovakia,2007,0.0,5132660.0,0.0
Slovakia,2008,591.0,5137067.0,0.011504619270101013
Slovakia,2009,601.0,5141744.0,0.011688641052530037
Slovakia,2010,631.0,5147562.0,0.01225823020684355
Slovakia,2012,571.0,5116922.0,0.011159052258369388
Slovakia,2013,616.0,5122209.0,0.01202606141217588
Slovakia,2014,554.0,5129686.0,0.010799881318271722
Slovenia,2000,588.0,1886483.0,0.031169112046066674
Slovenia,2001,581.0,1901330.0,0.03055755707846613
Slovenia,2002,540.0,1906124.0,0.028329741401923486
Slovenia,2003,562.0,1907589.0,0.029461272842315613
Slovenia,2004,512.0,1907862.0,0.026836322543244744
Slovenia,2005,503.0,1911817.0,0.026310049549721548
Slovenia,2006,529.0,1918570.0,0.027572619190334467
Slovenia,2007,434.0,1927332.0,0.022518175384417423
Slovenia,2008,408.0,1943758.0,0.020990267306938416
Slovenia,2009,447.0,1942037.0,0.023017069190751773
Slovenia,2010,414.0,1944774.0,0.021287820589950296
Slovenia,2011,435.0,1944561.0,0.022370087644460624
Slovenia,2012,440.0,1945988.0,0.022610622470436614
Slovenia,2013,446.0,1948276.0,0.02289203377755513
Slovenia,2014,388.0,1951786.0,0.019879228562967456
Slovenia,2015,422.0,1954632.0,0.021589741700739577
South Africa,2000,267.0,40568559.0,0.000658145141413576
South Africa,2001,384.0,41185599.0,0.000932364732633851
South Africa,2002,236.0,41803868.0,0.0005645410611286017
South Africa,2003,256.0,42415309.0,0.0006035556643003592
South Africa,2004,383.0,43005874.0,0.0008905760175923875
South Africa,2005,458.0,43566107.0,0.0010512759379670991
South Africa,2006,514.0,44079057.0,0.0011660866519898555
South Africa,2007,417.0,44577435.0,0.0009354508620785382
South Africa,2008,441.0,43680586.0,0.0010096018400485745
South Africa,2009,372.0,45607048.0,0.0008156634036037588
South Africa,2010,393.0,46176200.0,0.0008510877898138001
South Africa,2011,358.0,46806739.0,0.000764847130239088
South Africa,2012,487.0,47484256.0,0.001025603096740107
South Africa,2013,587.0,48192699.0,0.001218026821863619
South Africa,2014,580.0,48912129.0,0.0011857999474935961
South Africa,2015,482.0,49627460.0,0.0009712364888309819
Spain,2000,3394.0,38319996.0,0.008856994661481698
Spain,2001,3189.0,38713504.0,0.008237435702022735
Spain,2002,3372.0,39340611.0,0.008571295448359965
Spain,2003,3478.0,39947556.0,0.00870641498068117
Spain,2004,3508.0,40555823.0,0.00864980597237541
Spain,2005,3399.0,41195479.0,0.008250905396682
Spain,2006,3247.0,41808848.0,0.007766298655251156
Spain,2007,3264.0,42547327.0,0.007671457245716048
Spain,2008,3457.0,43199484.0,0.008002410399161249
Spain,2009,3429.0,43490086.0,0.007884555574344
Spain,2010,3158.0,43595356.0,0.007243890840116089
Spain,2011,3180.0,43642571.0,0.007286463485389072
Spain,2012,3539.0,44318859.0,0.007985313881839783
Spain,2013,3873.0,44227625.0,0.008756970332456242
Spain,2014,3911.0,44172771.0,0.00885387063446846
Spain,2015,3604.0,44186528.0,0.008156332174367717
Sri Lanka,2000,5252.0,17140342.0,0.030641162235852705
Sri Lanka,2001,4590.0,17266961.0,0.02658255844789364
Sri Lanka,2002,4382.0,17395955.0,0.025189763942249793
Sri Lanka,2003,4467.0,17524596.0,0.02548988861141221
Sri Lanka,2006,4015.0,17891558.0,0.02244075110730994
Suriname,2000,52.0,419001.0,0.012410471574053521
Suriname,2001,72.0,424515.0,0.016960531429984806
Suriname,2002,69.0,430176.0,0.01603994644052667
Suriname,2003,77.0,435946.0,0.017662738045537748
Suriname,2004,67.0,441717.0,0.015168082731703784
Suriname,2005,72.0,447445.0,0.01609136318430198
Suriname,2006,112.0,453293.0,0.024708080645410364
Suriname,2007,119.0,459086.0,0.025921069254997972
Suriname,2008,147.0,464789.0,0.03162725451764134
Suriname,2009,131.0,470448.0,0.02784579804781825
Suriname,2010,136.0,476052.0,0.028568307663868652
Suriname,2011,127.0,481521.0,0.026374758317913444
Suriname,2012,133.0,486964.0,0.027312080564477047
Suriname,2013,131.0,492359.0,0.0266066020931881
Suriname,2014,128.0,497701.0,0.02571825252511046
Sweden,2000,1131.0,8409008.0,0.013449862338102187
Sweden,2001,1197.0,8439317.0,0.01418361225203414
Sweden,2002,1180.0,8465828.0,0.013938388542739115
Sweden,2003,1112.0,8490539.0,0.013096930595336764
Sweden,2004,1155.0,8514314.0,0.01356539117537831
Sweden,2005,1219.0,8538624.0,0.014276304940936619
Sweden,2006,1197.0,8576044.0,0.013957484359921661
Sweden,2007,1126.0,8629159.0,0.013048780304082935
Sweden,2008,1170.0,8688504.0,0.013466069647893354
Sweden,2009,1242.0,8755922.0,0.01418468551912637
Sweden,2010,1141.0,8823125.0,0.012931926046610469
Sweden,2011,1112.0,8884644.0,0.012515977004818652
Sweden,2012,1154.0,8948909.0,0.01289542669391319
Sweden,2013,1230.0,9024081.0,0.01363019680341965
Sweden,2014,1148.0,9114524.0,0.012595281991687114
Sweden,2015,1182.0,9114524.0,0.012968312991440913
Sweden,2016,1135.0,9253843.0,0.012265174587465984
Switzerland,2000,1380.0,6809589.0,0.020265540255072663
Switzerland,2001,1338.0,6865842.0,0.01948777731849932
Switzerland,2002,1446.0,6942010.0,0.020829702060354276
Switzerland,2003,1269.0,6969293.0,0.018208446681750933
Switzerland,2004,1284.0,7023166.0,0.018282353001481098
Switzerland,2005,1299.0,7071991.0,0.018368236045549265
Switzerland,2006,1309.0,7118477.0,0.01838876490013243
Switzerland,2007,1360.0,7183595.0,0.018932024981920613
Switzerland,2008,1314.0,7274875.0,0.018062166016598224
Switzerland,2009,1105.0,7364558.0,0.015004294894547642
Switzerland,2010,1006.0,7439147.0,0.013523055801962242
Switzerland,2011,1034.0,7518040.0,0.013753584710908694
Switzerland,2012,1038.0,7595591.0,0.01366582271214972
Switzerland,2013,1071.0,7681318.0,0.013942919691646669
Switzerland,2014,1032.0,7809621.0,0.01321446969065464
Switzerland,2015,1073.0,7892502.0,0.01359518185741353
TFYR Macedonia,2000,150.0,1887600.0,0.007946598855689765
TFYR Macedonia,2001,152.0,1902411.0,0.007989861286546388
TFYR Macedonia,2002,149.0,1895297.0,0.007861564704634684
TFYR Macedonia,2003,137.0,1904123.0,0.007194913353811702
TFYR Macedonia,2004,179.0,1911739.0,0.009363202822142562
TFYR Macedonia,2005,143.0,1918471.0,0.007453852573221071
TFYR Macedonia,2006,166.0,1924680.0,0.0086248103580855
TFYR Macedonia,2007,159.0,1929428.0,0.008240784315351492
TFYR Macedonia,2008,161.0,1933404.0,0.00832728183038827
TFYR Macedonia,2009,167.0,1937404.0,0.008619781935001684
TFYR Macedonia,2010,122.0,1940625.0,0.006286634460547505
TFYR Macedonia,2011,128.0,1943093.0,0.006587435598810761
TFYR Macedonia,2012,172.0,1945054.0,0.008842942149678108
TFYR Macedonia,2013,170.0,1947542.0,0.008728951673442729
Thailand,2000,5182.0,58262135.0,0.008894284426755045
Thailand,2002,4902.0,58263389.0,0.008413516762644891
Thailand,2003,4484.0,60158951.0,0.007453587413783196
Thailand,2004,4296.0,60686373.0,0.00707901920584379
Thailand,2005,3937.0,61182665.0,0.006434829211836393
Thailand,2006,3608.0,61636512.0,0.005853673225376543
Thailand,2007,3754.0,58941621.0,0.0063690138416790405
Thailand,2008,3778.0,59216773.0,0.0063799491404234404
Thailand,2009,3787.0,59483718.0,0.0063664480421348245
Thailand,2010,3761.0,59769764.0,0.006292479254226268
Thailand,2011,3873.0,60261832.0,0.006426953631280244
Thailand,2012,3985.0,60382255.0,0.0065996210310462905
Thailand,2013,3961.0,60766487.0,0.006518395575508586
Thailand,2014,3952.0,61139919.0,0.006463862014602931
Thailand,2015,4205.0,61261276.0,0.006864042466239196
Thailand,2016,4131.0,61333728.0,0.0067352827468762375
Trinidad and Tobago,2000,166.0,1178363.0,0.014087339809549349
Trinidad and Tobago,2001,179.0,1183354.0,0.015126496382316702
Trinidad and Tobago,2002,156.0,1188800.0,0.013122476446837146
Trinidad and Tobago,2003,144.0,1194458.0,0.012055677135571112
Trinidad and Tobago,2004,168.0,1200116.0,0.013998646797476245
Trinidad and Tobago,2005,136.0,1205471.0,0.011281897283302544
Trinidad and Tobago,2006,141.0,1209301.0,0.011659628165361643
Trinidad and Tobago,2007,131.0,1213988.0,0.010790880964226994
Trinidad and Tobago,2008,199.0,1219336.0,0.01632035796531883
Trinidad and Tobago,2009,128.0,1225097.0,0.010448152268759127
Trinidad and Tobago,2010,160.0,1231002.0,0.01299754183989953
Trinidad and Tobago,2011,139.0,1237186.0,0.011235174015871503
Turkey,2009,1050.0,65962419.0,0.0015918154851173665
Turkey,2010,1524.0,66975131.0,0.002275471473135304
Turkey,2011,1148.0,68034357.0,0.001687382743986248
Turkey,2012,1450.0,68976439.0,0.0021021670892578262
Turkey,2013,1810.0,69880352.0,0.002590141503580291
Turkey,2014,1617.0,70931420.0,0.0022796667541690268
Turkey,2015,1532.0,71880464.0,0.002131316236355959
Turkmenistan,2000,383.0,4026478.0,0.009512035083763032
Turkmenistan,2001,445.0,4095981.0,0.010864308208460927
Turkmenistan,2002,416.0,4143692.0,0.010039356206976774
Turkmenistan,2003,377.0,4177740.0,0.009024017770373456
Turkmenistan,2004,392.0,4211000.0,0.009308952742816434
Turkmenistan,2005,468.0,4252530.0,0.011005213367101467
Turkmenistan,2006,506.0,4287650.0,0.011801336396394295
Turkmenistan,2007,354.0,4342657.0,0.008151691464465188
Turkmenistan,2008,484.0,4412135.0,0.01096974593932416
Turkmenistan,2009,165.0,4484467.0,0.0036793670239963854
Turkmenistan,2010,178.0,4551185.0,0.003911069314914687
Turkmenistan,2011,130.0,4626095.0,0.0028101454898786125
Turkmenistan,2012,138.0,4690058.0,0.0029423943158059028
Turkmenistan,2013,101.0,4748055.0,0.002127186816496439
Turkmenistan,2014,136.0,4811227.0,0.0028267217489426296
Turkmenistan,2015,133.0,4886514.0,0.0027217767103501597
Ukraine,2000,14467.0,47125400.0,0.030698943669443656
Ukraine,2001,13131.0,46805969.0,0.028054114209236862
Ukraine,2002,12536.0,46060017.0,0.027216663858374172
Ukraine,2003,12313.0,45697383.0,0.026944650200209495
Ukraine,2004,11256.0,45322826.0,0.024835168045346512
Ukraine,2005,10621.0,44939270.0,0.023634117777169058
Ukraine,2006,10013.0,44560034.0,0.02247080870719264
Ukraine,2007,10032.0,44198672.0,0.022697514531658327
Ukraine,2008,9454.0,43856123.0,0.021556853076137167
Ukraine,2009,9715.0,43557944.0,0.02230362388087004
Ukraine,2010,9089.0,43296809.0,0.020992309156085843
Ukraine,2011,8973.0,43074791.0,0.020831209604708238
Ukraine,2012,9058.0,42915935.0,0.021106379250504504
Ukraine,2014,7968.0,40464165.0,0.019691497402701874
Ukraine,2015,7574.0,40345446.0,0.018772874638689083
United Arab Emirates,2005,96.0,4280433.0,0.0022427637577787105
United Arab Emirates,2006,90.0,4923879.0,0.0018278272069642654
United Arab Emirates,2007,101.0,5695389.0,0.001773364383012293
United Arab Emirates,2008,100.0,6510358.0,0.001536013841327927
United Arab Emirates,2009,124.0,7252480.0,0.0017097599717613835
United Arab Emirates,2010,111.0,7839736.0,0.0014158640035837943
United Kingdom,2000,4290.0,56133909.0,0.0076424394388782
United Kingdom,2001,4128.0,55571993.0,0.007428202188105797
United Kingdom,2002,4117.0,55908944.0,0.007363759186723327
United Kingdom,2003,3979.0,56171771.0,0.007083629248577547
United Kingdom,2004,4183.0,56455011.0,0.0074094397041212165
United Kingdom,2005,4047.0,56809024.0,0.0071238682079804785
United Kingdom,2006,4122.0,57091129.0,0.007220035883333118
United Kingdom,2007,3897.0,57382757.0,0.006791238699109561
United Kingdom,2008,4259.0,57683372.0,0.007383410248624162
United Kingdom,2009,4246.0,58013559.0,0.007318978654627964
United Kingdom,2010,4188.0,58403529.0,0.007170799559047194
United Kingdom,2011,4393.0,58881852.0,0.007460702832512809
United Kingdom,2012,4444.0,59708630.0,0.0074428101934343495
United Kingdom,2013,4824.0,60091793.0,0.008027718527220515
United Kingdom,2014,4788.0,60570482.0,0.007904840512908582
United Kingdom,2015,4910.0,61082942.0,0.008038250678888388
United States of America,2000,29343.0,262246108.0,0.011189107904701488
United States of America,2001,30607.0,265427546.0,0.011531207088807581
United States of America,2002,31645.0,268759559.0,0.011774464922380677
United States of America,2003,31477.0,271041510.0,0.01161335029457296
United States of America,2004,32428.0,273584136.0,0.01185302644887275
United States of America,2005,32629.0,276106680.0,0.01181753371559138
United States of America,2006,33292.0,278980848.0,0.01193343566007083
United States of America,2007,34596.0,280658606.0,0.012326719815604015
United States of America,2008,36030.0,282355565.0,0.012760506420335651
United States of America,2009,36900.0,285162662.0,0.012939983005208445
United States of America,2010,38362.0,287839149.0,0.01332758248253437
United States of America,2011,39508.0,290313825.0,0.013608721527471179
United States of America,2012,40596.0,292827128.0,0.013863469644110294
United States of America,2013,41143.0,295322862.0,0.013931532330876571
United States of America,2014,42769.0,297749735.0,0.014364076596071529
United States of America,2015,44189.0,300078511.0,0.01472581287235193
Uruguay,2000,555.0,3050169.0,0.018195713089995996
Uruguay,2001,499.0,3061024.0,0.016301734321586502
Uruguay,2002,675.0,3065257.0,0.022020992040797882
Uruguay,2003,535.0,3065772.0,0.017450743238570904
Uruguay,2004,520.0,3066489.0,0.01695750416844802
Uruguay,2005,498.0,3070178.0,0.016220557895991698
Uruguay,2006,528.0,3077445.0,0.01715708972865478
Uruguay,2007,576.0,3087957.0,0.018653109483065988
Uruguay,2008,523.0,3100791.0,0.016866664022180147
Uruguay,2009,511.0,3114306.0,0.0164081500019587
Uruguay,2010,547.0,3127306.0,0.017491092972673605
Uruguay,2012,599.0,3151939.0,0.019004174890440456
Uruguay,2013,546.0,3164670.0,0.0172529837234214
Uruguay,2014,591.0,3177645.0,0.018598679210547434
Uruguay,2015,630.0,3190795.0,0.019744295700601263
Uzbekistan,2000,1919.0,21789067.0,0.008807169210136441
Uzbekistan,2001,1914.0,22231527.0,0.008609395117123534
Uzbekistan,2002,1576.0,22632256.0,0.006963512607846076
Uzbekistan,2003,1416.0,22982883.0,0.006161106942066407
Uzbekistan,2004,1251.0,23300841.0,0.005368904924933825
Uzbekistan,2005,1221.0,23600347.0,0.00517365274332619
Uzbekistan,2009,1399.0,25288102.0,0.005532245955034506
Uzbekistan,2010,1464.0,25651783.0,0.005707205616077448
Uzbekistan,2011,1640.0,25978049.0,0.006313022198087316
Uzbekistan,2012,1835.0,26381830.0,0.0069555447821474095
Uzbekistan,2013,1950.0,26838924.0,0.0072655669802559894
Uzbekistan,2014,2095.0,27313507.0,0.0076701977523428245
Venezuela (Bolivarian Republic of),2000,1264.0,21664935.0,0.005834312450048893
Venezuela (Bolivarian Republic of),2001,1379.0,22108044.0,0.006237548649713199
Venezuela (Bolivarian Republic of),2002,1299.0,22554558.0,0.005759368017763859
Venezuela (Bolivarian Republic of),2003,1150.0,23003836.0,0.004999166226015522
Venezuela (Bolivarian Republic of),2004,1038.0,23452474.0,0.0044259722876145175
Venezuela (Bolivarian Republic of),2005,1016.0,23897676.0,0.0042514594306157635
Venezuela (Bolivarian Republic of),2006,945.0,24332855.0,0.0038836379865823394
Venezuela (Bolivarian Republic of),2007,897.0,24770950.0,0.00362117722574225
Venezuela (Bolivarian Republic of),2008,870.0,25209506.0,0.0034510791286429814
Venezuela (Bolivarian Republic of),2009,751.0,25646139.0,0.002928316032288525
Venezuela (Bolivarian Republic of),2010,775.0,26078766.0,0.0029717663788232924
Venezuela (Bolivarian Republic of),2011,760.0,26503892.0,0.0028675033840312963
Venezuela (Bolivarian Republic of),2012,731.0,26926228.0,0.002714825114011513
Venezuela (Bolivarian Republic of),2013,618.0,27345912.0,0.0022599355984177817
Virgin Islands (USA),2000,5.0,100254.0,0.004987332176272268
Virgin Islands (USA),2001,4.0,100831.0,0.003967033947893009
Virgin Islands (USA),2002,2.0,101048.0,0.0019792573826300374
Virgin Islands (USA),2003,9.0,100917.0,0.008918219923303309
Virgin Islands (USA),2004,5.0,100630.0,0.004968697207592169
Virgin Islands (USA),2005,2.0,100348.0,0.0019930641368039225
Virgin Islands (USA),2006,14.0,99967.0,0.014004621525103286
Virgin Islands (USA),2007,11.0,99597.0,0.011044509372772272
Virgin Islands (USA),2008,6.0,99268.0,0.006044243865092477
Virgin Islands (USA),2009,9.0,98960.0,0.009094583670169765
Virgin Islands (USA),2010,8.0,98658.0,0.008108820369356768
Virgin Islands (USA),2011,8.0,98290.0,0.008139179977617256
Virgin Islands (USA),2012,10.0,98069.0,0.010196902181117377
Virgin Islands (USA),2015,3.0,97951.0,0.0030627558677297833
