country,year,suicide_count,population,"number of suicides (per 100,000 people)",health expenditure (per capita)
Antigua and Barbuda,2000,2.0,75326.0,2.655125720202852,444.9394226
Antigua and Barbuda,2001,2.0,76497.0,2.614481613658052,497.0965881
Antigua and Barbuda,2002,0.0,77588.0,0.0,512.317688
Antigua and Barbuda,2003,1.0,78658.0,1.2713265020722626,569.6490479
Antigua and Barbuda,2004,2.0,79722.0,2.5087177943353147,547.8710938
Antigua and Barbuda,2005,0.0,80809.0,0.0,569.3041992
Antigua and Barbuda,2006,0.0,81973.0,0.0,598.2730713
Antigua and Barbuda,2007,1.0,83131.0,1.2029206914388135,675.7179565
Antigua and Barbuda,2008,0.0,84273.0,0.0,650.1051025
Antigua and Barbuda,2009,0.0,85405.0,0.0,575.2674561
Antigua and Barbuda,2012,0.0,88703.0,0.0,649.8314209
Antigua and Barbuda,2013,0.0,89779.0,0.0,660.6138306
Antigua and Barbuda,2014,0.0,90837.0,0.0,677.6029053
Antigua and Barbuda,2015,1.0,91889.0,1.0882695426003113,639.5827026
Argentina,2000,2774.0,33585533.0,8.259508640223158,705.1993408
Argentina,2001,3132.0,34010946.0,9.208800013971972,671.52948
Argentina,2002,3162.0,34407507.0,9.18985499298162,222.621994
Argentina,2003,3289.0,34785907.0,9.454978419852615,260.769989
Argentina,2004,3121.0,35162945.0,8.87582083923858,309.7401428
Argentina,2005,3058.0,35550617.0,8.601819765884795,390.0584412
Argentina,2006,3108.0,35918886.0,8.652829600561665,447.3611755
Argentina,2007,2946.0,36315492.0,8.112240362873235,551.75
Argentina,2008,3059.0,36733520.0,8.327543889069165,694.6824341
Argentina,2009,2884.0,37158001.0,7.761450891828115,742.8430176
Argentina,2010,2943.0,37578454.0,7.831615425158256,891.1377563
Argentina,2011,2912.0,38015739.0,7.659985249793513,1068.610596
Argentina,2012,3248.0,38441778.0,8.449140932034933,1168.065796
Argentina,2013,2987.0,38859125.0,7.686740244408489,1206.932861
Argentina,2014,3231.0,39276555.0,8.22628155651635,1089.5
Argentina,2015,3073.0,39699624.0,7.740627467907505,1305.39502
Armenia,2000,61.0,3606500.0,1.6913905448495776,26.12911606
Armenia,2001,60.0,3610516.0,1.6618123282101507,32.25967407
Armenia,2002,74.0,3014844.0,2.45452169332808,59.6339798
Armenia,2003,59.0,3024366.0,1.9508220896544926,66.78081512
Armenia,2006,78.0,2764396.0,2.821592854279923,126.2447052
Armenia,2007,71.0,2735313.0,2.5956810061590763,172.5760803
Armenia,2008,63.0,3045391.0,2.0686998812303576,266.2564392
Armenia,2009,53.0,2689695.0,1.9704836421973495,252.7925262
Armenia,2010,73.0,2676225.0,2.7277228185223588,297.2298889
Armenia,2011,67.0,2670366.0,2.5090193628888326,330.6855774
Armenia,2012,79.0,2814300.0,2.8070923497850266,336.5903625
Armenia,2013,67.0,2810664.0,2.3837783527308853,396.7911072
Armenia,2014,58.0,2803029.0,2.069190151082989,406.5928955
Armenia,2015,74.0,2795335.0,2.6472676799024093,366.0492249
Armenia,2016,67.0,2784119.0,2.406506331087141,358.8421021
Australia,2000,2391.0,17874410.0,13.376665299721779,1632.427612
Australia,2001,2458.0,18130883.0,13.556978995452125,1558.187378
Australia,2002,2319.0,18370058.0,12.623803365237059,1763.740723
Australia,2003,2156.0,18608029.0,11.586396388354727,2240.952148
Australia,2004,2114.0,18854551.0,11.212147136253735,2757.631836
Australia,2006,2117.0,19109246.0,11.078406756603584,3177.460693
Australia,2007,2229.0,19734430.0,11.294980397204275,3794.251709
Australia,2008,2341.0,20120312.0,11.635008443209028,4088.778076
Australia,2009,2337.0,20529317.0,11.383720169550694,3997.537109
Australia,2010,2420.0,20847547.0,11.608080317554865,4952.777344
Australia,2011,2392.0,20881910.0,11.454890860079372,5876.865723
Australia,2012,2580.0,21238909.0,12.14751661679044,6047.057617
Australia,2013,2608.0,21600180.0,12.073973457628593,5838.413574
Australia,2014,2891.0,21927587.0,13.184305231578831,5637.566895
Australia,2015,3027.0,22240785.0,13.610131117224505,4887.800781
Austria,2000,1588.0,7592073.0,20.91655335769296,2263.490479
Austria,2001,1489.0,7634560.0,19.503416044932518,2280.520508
Austria,2002,1553.0,7683162.0,20.21303208236401,2486.128418
Austria,2003,1456.0,7722033.0,18.85513827770485,3084.311279
Austria,2004,1422.0,7773105.0,18.29384782528989,3588.209717
Austria,2005,1399.0,7827461.0,17.872973113503857,3708.921387
Austria,2006,1297.0,7869269.0,16.481835860484626,3879.533203
Austria,2007,1285.0,7897272.0,16.271441581346068,4472.84668
Austria,2008,1267.0,7925258.0,15.98686124792404,5037.371582
Austria,2009,1278.0,7946894.0,16.081754708191653,4909.23291
Austria,2010,1264.0,7968421.0,15.862615692619656,4796.113281
Austria,2011,1288.0,7995146.0,16.10977460574203,5161.058105
Austria,2012,1276.0,8031276.0,15.887886308477007,4966.376465
Austria,2013,1291.0,8079615.0,15.978484123315283,5233.853516
Austria,2014,1314.0,8141165.0,16.14019615128793,5386.424805
Austria,2015,1251.0,8219386.0,15.220114981824675,4610.966797
Austria,2016,1204.0,8319211.0,14.472526300871559,4718.944336
Azerbaijan,2000,62.0,7415250.0,0.8361147634941505,25.27406311
Azerbaijan,2001,317.0,7518000.0,4.216546953977121,25.55867195
Azerbaijan,2002,92.0,7605700.0,1.2096191014633761,27.76484299
Azerbaijan,2003,129.0,7674400.0,1.680913165850099,51.74542618
Azerbaijan,2004,108.0,7738250.0,1.3956643944044196,73.91770935
Azerbaijan,2007,55.0,7921100.0,0.6943480072212191,176.6751099
Bahrain,2000,29.0,590594.0,4.910310636410123,485.6842651
Bahrain,2001,23.0,624083.0,3.685407229487103,484.9045715
Bahrain,2002,25.0,661010.0,3.7820910424955754,503.0286865
Bahrain,2003,34.0,702913.0,4.837013969011812,567.2358398
Bahrain,2004,42.0,751559.0,5.588383613262565,550.3571167
Bahrain,2005,42.0,819540.0,5.124826121970862,570.291687
Bahrain,2006,28.0,888543.0,3.151226220903209,591.3137817
Bahrain,2007,40.0,964770.0,4.146065901717508,692.9870605
Bahrain,2008,43.0,1024110.0,4.1987677104998475,757.770813
Bahrain,2009,36.0,1092922.0,3.29392216461925,785.2914429
Bahrain,2010,19.0,1139160.0,1.6678956424031741,796.3171387
Bahrain,2011,18.0,1103462.0,1.6312297115804624,805.2404175
Bahrain,2012,19.0,1201778.0,1.580990831917376,971.1656494
Bahrain,2013,5.0,1214492.0,0.4116947662067762,1066.366455
Bahrain,2014,9.0,1213966.0,0.7413716693877752,1100.991455
Barbados,2000,10.0,251133.0,3.981953785444366,604.5227661
Barbados,2001,2.0,252406.0,0.7923741907878578,623.4923706
Barbados,2002,0.0,253353.0,0.0,670.696167
Barbados,2003,0.0,254122.0,0.0,787.9133301
Barbados,2004,3.0,254925.0,1.176816710797293,922.6547852
Barbados,2005,1.0,255889.0,0.390794446029333,943.5418701
Barbados,2006,9.0,256883.0,3.503540522338964,1009.486877
Barbados,2007,0.0,258083.0,0.0,1024.984985
Barbados,2008,1.0,259414.0,0.38548420671205097,1117.532959
Barbados,2009,5.0,260718.0,1.917780897368037,1146.35144
Barbados,2010,3.0,261927.0,1.1453572942079284,1097.623901
Barbados,2011,0.0,263203.0,0.0,1145.173096
Barbados,2012,0.0,264270.0,0.0,1273.416626
Barbados,2013,0.0,265165.0,0.0,1258.091919
Belarus,2000,3483.0,9543479.0,36.49612473606323,57.30836868
Belarus,2001,3303.0,9513587.0,34.71876590816902,73.87293243
Belarus,2002,3291.0,9469234.0,34.75465914138356,86.54052734
Belarus,2003,3456.0,9420691.0,36.68520706177498,109.1908417
Belarus,2007,2659.0,9244456.0,28.763185199864655,279.4168701
Belarus,2008,2658.0,9205746.0,28.87327110698036,349.712616
Belarus,2009,2743.0,9169969.0,29.91286011981065,289.0747375
Belarus,2010,2459.0,8981193.0,27.37943611722852,341.7745361
Belarus,2011,2172.0,8947320.0,24.275425490537952,317.9577942
Belarus,2013,1902.0,8910240.0,21.346226364273015,453.8238525
Belarus,2014,1741.0,8906977.0,19.54647463443545,447.7013245
Belgium,2000,2143.0,9674025.0,22.152103183524954,1845.321045
Belgium,2001,2165.0,9710055.0,22.296475148698953,1878.291138
Belgium,2002,2076.0,9758570.0,21.273608735706155,2074.923828
Belgium,2003,2091.0,9804122.0,21.32776397519329,2804.908447
Belgium,2004,1987.0,9848022.0,20.17664054771608,3255.437744
Belgium,2005,2029.0,9901014.0,20.49285053025882,3339.992676
Belgium,2006,1935.0,9962702.0,19.42244182351334,3474.425781
Belgium,2007,1857.0,10030266.0,18.51396563161934,3988.885986
Belgium,2008,1999.0,10100850.0,19.7904136780568,4539.739746
Belgium,2009,2013.0,10173366.0,19.786961365589317,4566.755371
Belgium,2010,2013.0,10211171.0,19.713703746612413,4449.542969
Belgium,2011,2088.0,10355126.0,20.16392654227481,4856.177734
Belgium,2012,2026.0,10442637.0,19.40122978515867,4614.677734
Belgium,2013,1895.0,10526149.0,18.002785254132352,4849.913574
Belgium,2014,1899.0,10578848.0,17.950914882225366,4944.26123
Belgium,2015,1867.0,10624356.0,17.572829826108993,4171.053223
Belize,2000,18.0,210109.0,8.56698189987102,139.3054199
Belize,2001,19.0,217279.0,8.744517417697985,160.7647858
Belize,2002,14.0,224136.0,6.246207659635221,160.0285034
Belize,2003,12.0,230890.0,5.1972800900861875,175.1927338
Belize,2004,20.0,237791.0,8.410747252839677,174.8044128
Belize,2005,12.0,245020.0,4.8975593829075175,184.2725983
Belize,2006,11.0,252826.0,4.350818349378624,192.7100983
Belize,2007,8.0,260667.0,3.0690497838238056,218.0575562
Belize,2008,11.0,268487.0,4.097032631002619,226.3616333
Belize,2009,15.0,276189.0,5.4310635108566965,246.519104
Belize,2010,15.0,283796.0,5.285486758093842,250.305542
Belize,2011,33.0,291662.0,11.314466745753649,254.4269562
Belize,2012,18.0,298946.0,6.021154322185279,249.5245361
Belize,2013,17.0,305888.0,5.557589706036197,266.280304
Belize,2014,24.0,312780.0,7.673124880107422,273.1342163
Belize,2015,26.0,319835.0,8.129191614426189,289.5839844
Bosnia and Herzegovina,2011,5.0,3673312.0,0.13611694296591195,463.5262146
Bosnia and Herzegovina,2014,313.0,3654169.0,8.5655589547172,492.1351013
Brazil,2000,6763.0,157715991.0,4.288087693022835,311.6526794
Brazil,2001,7710.0,160178796.0,4.813371178042816,269.3467712
Brazil,2002,7697.0,162761414.0,4.729007822456003,246.1060333
Brazil,2003,7839.0,165396911.0,4.739508103630787,250.5107574
Brazil,2004,7995.0,167993068.0,4.759124941988677,294.357666
Brazil,2005,8529.0,170483960.0,5.002816687270753,383.3045959
Brazil,2006,8618.0,172974722.0,4.98223087186115,483.4282837
Brazil,2007,8855.0,175293192.0,5.051536741940326,599.8584595
Brazil,2008,9184.0,177471632.0,5.1749115599500435,704.0132446
Brazil,2009,9346.0,179569551.0,5.204668579919765,718.029541
Brazil,2010,9429.0,181629712.0,5.1913312509133975,891.7641602
Brazil,2011,9822.0,183656441.0,5.348029149710028,1025.490356
Brazil,2012,10295.0,185591215.0,5.5471375625187855,950.9295044
Brazil,2013,10513.0,187458852.0,5.608164078589364,974.4987183
Brazil,2014,10631.0,189285554.0,5.616382114400553,1009.828674
Brazil,2015,11163.0,191087085.0,5.8418390756235565,776.152832
Brunei Darussalam,2000,5.0,298374.0,1.6757492274796062,508.4324036
Brunei Darussalam,2001,4.0,298563.0,1.339750739374939,464.6770325
Brunei Darussalam,2002,1.0,303100.0,0.32992411745298583,473.1112671
Brunei Darussalam,2003,5.0,302800.0,1.6512549537648615,535.131958
Brunei Darussalam,2004,3.0,324800.0,0.9236453201970443,619.131958
Brunei Darussalam,2005,7.0,335400.0,2.0870602265951113,646.0823364
Brunei Darussalam,2006,10.0,347900.0,2.874389192296637,654.7131958
Brunei Darussalam,2007,10.0,342714.0,2.9178848836055717,702.8585205
Brunei Darussalam,2008,9.0,347549.0,2.58956291055362,788.9667969
Brunei Darussalam,2009,2.0,352328.0,0.5676528689175995,741.5541992
Brunei Darussalam,2010,5.0,379000.0,1.3192612137203164,803.4937744
Brunei Darussalam,2011,5.0,387600.0,1.2899896800825592,876.434082
Brunei Darussalam,2012,8.0,368700.0,2.1697857336588013,881.9977417
Brunei Darussalam,2013,4.0,373361.0,1.0713491768020764,846.6196899
Brunei Darussalam,2014,5.0,378656.0,1.320459731260035,795.0393677
Brunei Darussalam,2015,7.0,384080.0,1.8225369714642785,739.2253418
Bulgaria,2000,1383.0,7829095.0,17.664876974924944,94.49745178
Bulgaria,2001,1314.0,7591926.0,17.30786100918265,119.8299789
Bulgaria,2002,1317.0,7544410.0,17.45663345443845,148.1479187
Bulgaria,2003,1092.0,7493166.0,14.57327917198151,195.7436981
Bulgaria,2004,1013.0,7447563.0,13.601764765199032,233.113327
Bulgaria,2005,982.0,7404051.0,13.263009668626,267.741394
Bulgaria,2006,977.0,7358508.0,13.277148030551842,294.1089172
Bulgaria,2007,902.0,7312474.0,12.335086593128398,361.2349854
Bulgaria,2008,939.0,7267511.0,12.920517079368713,455.5405884
Bulgaria,2009,868.0,7219817.0,12.022465389358208,459.3002014
Bulgaria,2010,859.0,7162740.0,11.992617350343584,484.7522888
Bulgaria,2011,763.0,7056527.0,10.812684483457657,555.8641968
Bulgaria,2012,872.0,6959652.0,12.529362100288923,558.6479492
Bulgaria,2013,721.0,6920644.0,10.418105598265129,600.3096924
Bulgaria,2014,724.0,6883874.0,10.517333699018895,666.4014282
Cabo Verde,2011,42.0,452179.0,9.288357044444787,158.1145935
Canada,2000,3606.0,29008565.0,12.430811382776085,1998.634277
Canada,2001,3694.0,29262055.0,12.623857073606077,2054.408691
Canada,2002,3650.0,29642114.0,12.31356171155674,2150.886719
Canada,2003,3765.0,29958833.0,12.56724519276168,2551.522217
Canada,2004,3613.0,30283966.0,11.930405680682641,2913.394775
Canada,2005,3743.0,30597090.0,12.233189496125284,3282.904785
Canada,2006,3512.0,30902962.0,11.364606408926107,3767.274902
Canada,2007,3611.0,31242631.0,11.557925451284815,4190.353027
Canada,2008,3705.0,31588641.0,11.728899638322524,4453.645996
Canada,2009,3890.0,31937357.0,12.180093675253087,4347.731934
Canada,2010,3951.0,32286140.0,12.23744925841243,5044.135254
Canada,2011,3728.0,32615418.0,11.430176979488659,5361.238281
Canada,2012,3926.0,32961196.0,11.910975560474201,5408.930664
Canada,2013,4054.0,33314836.0,12.168752684239537,5345.318359
Chile,2000,1473.0,13943575.0,10.564005285588523,358.8254089
Chile,2001,1625.0,14139590.0,11.492553885933043,328.638855
Chile,2002,1603.0,14332840.0,11.184105871550928,324.3238525
Chile,2003,1654.0,14523758.0,11.388237121549395,351.0978394
Chile,2004,1735.0,14710993.0,11.793901336232027,428.6191711
Chile,2005,1682.0,14893574.0,11.293461193397905,501.7507324
Chile,2006,1795.0,15071596.0,11.90982030038491,572.4163818
Chile,2007,1848.0,15245435.0,12.121661336655858,650.0742188
Chile,2008,2088.0,15415661.0,13.544667335380558,726.7156982
Chile,2009,2148.0,15584149.0,13.78323577373394,738.4604492
Chile,2010,2001.0,15751851.0,12.703268968199358,871.2634277
Chile,2011,2027.0,15910783.0,12.739787853306778,995.8383179
Chile,2012,1841.0,16075247.0,11.45239012501643,1083.46167
Chile,2013,1738.0,16242244.0,10.700491877846435,1186.80249
Chile,2014,1789.0,16406867.0,10.903970879997992,1154.848267
Chile,2015,1838.0,16565725.0,11.095198067093351,1140.134766
Colombia,2000,2358.0,36252342.0,6.504407356633676,130.3342438
Colombia,2001,2412.0,36884428.0,6.539345004889325,134.1677399
Colombia,2002,2379.0,37478276.0,6.347677251749786,128.2384033
Colombia,2003,2269.0,38044513.0,5.964066355639774,125.976738
Colombia,2004,2244.0,38604716.0,5.812761321699662,155.184845
Colombia,2005,2102.0,39172790.0,5.365969592668789,204.1060333
Colombia,2006,2177.0,39708676.0,5.482429079226917,233.5850525
Colombia,2007,2181.0,40275206.0,5.41524232054828,301.5988464
Colombia,2008,2220.0,40859129.0,5.433302310482439,369.0353394
Colombia,2009,2249.0,41436173.0,5.427624795369014,374.1268005
Colombia,2010,2107.0,41989103.0,5.017968590565036,441.3017883
Colombia,2011,2044.0,42538305.0,4.805080973489658,489.4076843
Colombia,2012,2119.0,43055864.0,4.921513130011745,533.7362061
Colombia,2013,2068.0,43546298.0,4.748968557556832,585.8063965
Colombia,2014,2126.0,44021800.0,4.8294254210413925,569.8972778
Colombia,2015,2332.0,44490427.0,5.241577025098006,444.0635681
Costa Rica,2000,239.0,3531421.0,6.76781386303134,251.0935822
Costa Rica,2001,198.0,3606850.0,5.489554597501976,258.7848206
Costa Rica,2002,275.0,3680372.0,7.472070758064674,280.2767334
Costa Rica,2003,315.0,3751871.0,8.395811050006783,291.7362976
Costa Rica,2004,325.0,3820857.0,8.505945132204634,294.6903687
Costa Rica,2005,272.0,3887096.0,6.997511767139274,314.4723816
Costa Rica,2006,350.0,3953916.0,8.851983704256742,365.5856323
Costa Rica,2007,270.0,4015241.0,6.7243784370601904,430.478241
Costa Rica,2008,261.0,4072561.0,6.40874378554428,519.3451538
Costa Rica,2009,278.0,4128459.0,6.733747386131243,538.442627
Costa Rica,2010,311.0,4184663.0,7.43190072892369,665.2514038
Costa Rica,2011,316.0,4235514.0,7.460723775201781,754.9591064
Costa Rica,2012,302.0,4290210.0,7.03928245936679,790.1933594
Costa Rica,2013,311.0,4347229.0,7.153982456410739,831.6552124
Costa Rica,2014,268.0,4403674.0,6.08582742500921,837.9086914
Croatia,2000,926.0,4118000.0,22.48664400194269,371.0621338
Croatia,2001,881.0,4180633.0,21.07336377051035,388.3248901
Croatia,2002,874.0,4217300.0,20.724160007587802,386.4440918
Croatia,2003,865.0,4225600.0,20.470465732677017,512.1520996
Croatia,2004,871.0,4229600.0,20.59296387365236,634.6203003
Croatia,2005,874.0,4235875.0,20.63328119927996,727.1310425
Croatia,2006,796.0,4234946.0,18.79598937034852,816.0170288
Croatia,2007,775.0,4230855.0,18.317810466206005,1041.034424
Croatia,2008,793.0,4225583.0,18.76664119483631,1258.872437
Croatia,2009,790.0,4216050.0,18.737918193569808,1187.545288
Croatia,2010,776.0,4203963.0,18.45877330509332,1126.373657
Croatia,2011,702.0,4189029.0,16.75806016143598,1132.498901
Croatia,2012,776.0,4054296.0,19.140191046731662,1029.971191
Croatia,2013,692.0,4044457.0,17.109836994187354,889.944519
Croatia,2014,722.0,4030452.0,17.913623583657614,909.3716431
Croatia,2015,739.0,4001669.0,18.467294521360962,795.520813
Croatia,2016,683.0,3978183.0,17.168642065988415,840.9050293
Cuba,2000,1845.0,10397209.0,17.74514679853026,180.417099
Cuba,2001,1652.0,10433428.0,15.833722147696811,197.7462006
Cuba,2002,1606.0,10479415.0,15.325282947569116,213.0417938
Cuba,2003,1499.0,10531074.0,14.234065775247615,226.7738495
Cuba,2004,1515.0,10578701.0,14.321229043150003,231.6465302
Cuba,2005,1397.0,10616406.0,13.158878814544206,330.8660583
Cuba,2006,1376.0,10653638.0,12.915775812919494,386.2203369
Cuba,2007,1307.0,10678023.0,12.240093507946181,568.6090088
Cuba,2008,1377.0,10693814.0,12.876603239966581,608.3035889
Cuba,2009,1477.0,10708230.0,13.793129209962805,674.1086426
Cuba,2010,1558.0,10725848.0,14.525658017902172,606.6707153
Cuba,2011,1529.0,10748034.0,14.225857491704998,692.5626831
Cuba,2012,1495.0,10770535.0,13.880461834068596,597.574585
Cuba,2013,1499.0,10792690.0,13.889030445607164,705.1513062
Cuba,2014,1453.0,10813411.0,13.437018161984223,856.0169067
Cuba,2015,1511.0,10832068.0,13.949321588453836,974.9695435
Cyprus,2000,7.0,875229.0,0.7997906833525852,750.5167236
Cyprus,2004,7.0,690616.0,1.0135878693803793,1286.971558
Cyprus,2005,17.0,701263.0,2.424197483683012,1366.01709
Cyprus,2006,19.0,713426.0,2.663205434060436,1474.02063
Cyprus,2007,19.0,728566.0,2.6078625683877643,1694.271851
Cyprus,2008,41.0,747034.0,5.488371345882517,2155.246582
Cyprus,2009,32.0,767174.0,4.171152828432664,2105.477783
Cyprus,2010,38.0,787081.0,4.827965609638652,1959.287231
Cyprus,2011,30.0,800820.0,3.7461601858095452,2153.427246
Cyprus,2012,36.0,814305.0,4.420947924917567,1943.19397
Cyprus,2013,45.0,813016.0,5.534946421718638,1919.605469
Cyprus,2014,44.0,804818.0,5.4670745435614005,1846.177368
Cyprus,2015,40.0,796037.0,5.024892059037457,1582.108887
Cyprus,2016,36.0,803022.0,4.483065221127193,1636.821045
Czech Republic,2000,1649.0,9819742.0,16.792701885650356,342.921051
Czech Republic,2001,1623.0,9838083.0,16.497116358949196,388.5440369
Czech Republic,2002,1534.0,9752463.0,15.729359855043798,497.7420349
Czech Republic,2003,1719.0,9748550.0,17.633391632601768,640.6604004
Czech Republic,2004,1583.0,9746647.0,16.241482840201353,746.3289185
Czech Republic,2005,1565.0,9761733.0,16.031989401881816,852.6524658
Czech Republic,2006,1400.0,9780319.0,14.314461522165075,942.118042
Czech Republic,2007,1379.0,9818295.0,14.045208460328395,1110.176636
Czech Republic,2008,1379.0,9899594.0,13.9298641944306,1449.336792
Czech Republic,2009,1464.0,9937407.0,14.7322133429777,1442.242798
Czech Republic,2010,1502.0,9945273.0,15.102652285161003,1373.931763
Czech Republic,2011,1590.0,9906318.0,16.050363010757387,1516.55542
Czech Republic,2012,1658.0,9923127.0,16.70844281243201,1387.406006
Czech Republic,2013,1577.0,9936780.0,15.87033224042396,1554.509033
Czech Republic,2014,1489.0,9963127.0,14.945107093385442,1512.926147
Czech Republic,2015,1387.0,9989325.0,13.884822047535744,1284.046753
Czech Republic,2016,1318.0,10012831.0,13.163110413029043,1321.620239
Denmark,2000,728.0,4998610.0,14.564048805567946,2496.047119
Denmark,2001,727.0,5018451.0,14.486541763584025,2602.642822
Denmark,2002,688.0,5041222.0,13.647484677326252,2895.807373
Denmark,2003,633.0,5056783.0,12.517839899398492,3607.042969
Denmark,2004,661.0,5072927.0,13.029952924613344,4194.873535
Denmark,2005,631.0,5089852.0,12.397217050711886,4442.755371
Denmark,2006,650.0,5110460.0,12.719011595825034,4778.891602
Denmark,2007,581.0,5133001.0,11.318914607653495,5468.379395
Denmark,2008,603.0,5162525.0,11.680330845855469,6137.776367
Denmark,2009,622.0,5192790.0,11.978146622528543,6221.688965
Denmark,2010,563.0,5217785.0,10.79001913647266,6011.536621
Denmark,2011,589.0,5244150.0,11.231562789012521,6281.004395
Denmark,2012,661.0,5270539.0,12.541411798679414,6003.832031
Denmark,2013,610.0,5299698.0,11.510089820212396,6236.554199
Denmark,2014,629.0,5339166.0,11.780866150256422,6380.78418
Denmark,2015,564.0,5383060.0,10.477312160741288,5469.333984
Ecuador,2000,534.0,11109383.0,4.806747593453211,48.09148407
Ecuador,2001,584.0,11328328.0,5.155217963321683,71.15251923
Ecuador,2002,577.0,11548770.0,4.996203058853887,97.3524704
Ecuador,2003,675.0,11771002.0,5.734431104505802,132.3925934
Ecuador,2004,791.0,11994153.0,6.594880021957366,150.3476105
Ecuador,2005,943.0,12217643.0,7.71834632915694,168.5761108
Ecuador,2006,900.0,12449374.0,7.2292791589360235,190.5664978
Ecuador,2007,1005.0,12677354.0,7.927521784119936,210.5925903
Ecuador,2008,928.0,12903183.0,7.1920238595391535,248.6487732
Ecuador,2009,964.0,13130161.0,7.341874939690381,274.0058899
Ecuador,2010,912.0,13360285.0,6.826201686565818,331.6893005
Ecuador,2011,918.0,13583553.0,6.758172916909147,410.8297729
Ecuador,2012,976.0,13815861.0,7.064344379260909,483.5228577
Ecuador,2013,676.0,14054613.0,4.809808708357889,519.93396
Ecuador,2014,734.0,14295145.0,5.134610386953053,551.4692993
Ecuador,2015,1073.0,14534024.0,7.382676676466202,528.201416
El Salvador,2000,461.0,5118189.0,9.007092157011007,179.2502289
El Salvador,2001,514.0,5175094.0,9.932186739023484,183.5322876
El Salvador,2002,436.0,5230458.0,8.33579009715784,187.1434784
El Salvador,2003,527.0,5283542.0,9.97436946654347,186.4378967
El Salvador,2004,464.0,5333170.0,8.7002664456599,194.3544769
El Salvador,2005,455.0,5378879.0,8.459011626772044,205.6842041
El Salvador,2006,411.0,5429044.0,7.5703936088932045,209.3209076
El Salvador,2007,501.0,5467861.0,9.162632334655179,213.5994415
El Salvador,2008,490.0,5499287.0,8.910246000981582,225.6322937
El Salvador,2009,506.0,5528910.0,9.151894315516078,240.8505402
El Salvador,2010,399.0,5560453.0,7.175674356028186,246.4757996
El Salvador,2011,485.0,5585785.0,8.682754527787948,266.7733459
El Salvador,2012,512.0,5618823.0,9.1122286642594,259.1697998
El Salvador,2013,484.0,5657250.0,8.555393521587344,271.5424805
El Salvador,2014,386.0,5696329.0,6.7762939956593105,276.2991943
Estonia,2000,377.0,1334175.0,28.25716266606705,209.7131348
Estonia,2001,401.0,1325610.0,30.250224424981706,214.7041473
Estonia,2002,371.0,1316690.0,28.17671585566838,250.4802094
Estonia,2003,342.0,1307160.0,26.163591297163315,349.0580444
Estonia,2004,323.0,1297650.0,24.8911493854275,455.0681152
Estonia,2005,273.0,1288495.0,21.18750945870957,524.6801147
Estonia,2006,247.0,1278915.0,19.313245993674325,600.5078735
Estonia,2007,251.0,1270415.0,19.7573233943239,832.7330933
Estonia,2008,242.0,1264005.0,19.145493886495704,1038.562256
Estonia,2009,269.0,1259010.0,21.365993915854517,963.0196533
Estonia,2010,223.0,1254225.0,17.779903924734395,926.4541626
Estonia,2011,218.0,1249427.0,17.447998162357628,1014.639282
Estonia,2012,237.0,1251631.0,18.935293229394286,1013.371521
Estonia,2013,218.0,1243096.0,17.53685958284799,1144.321533
Estonia,2014,241.0,1241852.0,19.406499325201402,1237.278442
Estonia,2015,195.0,1243450.0,15.682174594877155,1112.465942
Fiji,2001,36.0,719459.0,5.003759769493465,64.16983032
Fiji,2002,42.0,723187.0,5.807626519835118,73.01235962
Fiji,2003,10.0,725591.0,1.3781868848979661,91.3404541
Fiji,2004,24.0,728408.0,3.2948567286465824,117.6120682
Fiji,2005,22.0,732607.0,3.002974309554781,129.0754852
Fiji,2006,24.0,737759.0,3.253094845335672,136.0088348
Fiji,2007,13.0,745055.0,1.7448376294367527,150.9055481
Fiji,2008,37.0,753658.0,4.909388608626194,144.1117706
Fiji,2009,26.0,762403.0,3.410269896629473,129.0674133
Fiji,2011,38.0,776325.0,4.8948571796605815,148.2068634
Fiji,2012,32.0,782939.0,4.087163878667432,160.8294373
Finland,2000,1165.0,4881820.0,23.86405070240197,1655.866211
Finland,2001,1204.0,4898983.0,24.576529455195086,1737.976196
Finland,2002,1095.0,4915614.0,22.27595576056216,1971.683228
Finland,2003,1075.0,4929856.0,21.80591076088226,2510.001709
Finland,2004,1064.0,4944765.0,21.517706099278733,2926.829346
Finland,2005,994.0,4961784.0,20.033117120777526,3111.373047
Finland,2006,1062.0,4979740.0,21.326414632089225,3286.428955
Finland,2007,995.0,4998853.0,19.90456610746505,3774.777588
Finland,2008,1033.0,5020096.0,20.57729573298997,4315.478516
Finland,2009,1034.0,5042316.0,20.50644981393471,4179.838379
Finland,2010,954.0,5063494.0,18.840745145545746,4099.587891
Finland,2011,912.0,5085985.0,17.931629762966267,4548.829102
Finland,2012,873.0,5110450.0,17.082644385523782,4411.17627
Finland,2013,887.0,5135433.0,17.27215601878167,4306.805176
Finland,2014,789.0,5159944.0,15.29086362177574,4739.988281
Finland,2015,731.0,5181797.0,14.107075209623225,4121.901855
France,2000,10849.0,55267624.0,19.629937411458112,2156.483398
France,2001,10449.0,55511272.0,18.823204051242058,2190.798828
France,2002,10643.0,55935517.0,19.02726670069037,2438.24707
France,2003,10871.0,56360402.0,19.288364905559046,2999.567383
France,2004,10804.0,56813922.0,19.01646571768096,3452.43042
France,2005,10713.0,57160687.0,18.741902104850492,3573.602783
France,2006,10423.0,57824447.0,18.025248040850258,3812.535889
France,2007,10127.0,58167011.0,17.410212121781537,4314.527344
France,2008,10353.0,58482967.0,17.702590225971264,4793.813477
France,2009,10499.0,58770727.0,17.864335760216143,4724.207031
France,2010,10379.0,59056283.0,17.574759996324186,4593.392578
France,2011,10408.0,59344643.0,17.53823003029945,4933.404785
France,2012,9743.0,59638457.0,16.336774105339448,4652.287109
France,2013,9600.0,59910069.0,16.024017598777927,4900.390137
France,2014,8881.0,60275954.0,14.733902013396587,4987.874023
Georgia,2000,130.0,4165600.0,3.1207989245246783,47.90106964
Georgia,2001,100.0,4140950.0,2.414904792378561,50.78782654
Georgia,2004,175.0,4089850.0,4.27888553369928,94.03149414
Georgia,2005,87.0,4132000.0,2.105517909002904,118.6558456
Georgia,2006,72.0,4166500.0,1.7280691227649108,136.9098511
Georgia,2007,104.0,4154900.0,2.503068665912537,177.1108856
Georgia,2009,188.0,4158750.0,4.520589119326721,246.977478
Georgia,2010,112.0,4193800.0,2.670608994229577,262.5267029
Georgia,2011,99.0,4202600.0,2.3556845762147236,290.2702637
Georgia,2012,104.0,4200900.0,2.4756599776238426,323.0097656
Georgia,2013,157.0,4192600.0,3.744693030577685,334.9199219
Georgia,2014,194.0,3470600.0,5.589811559960814,348.9715576
Georgia,2015,192.0,3458400.0,5.551700208188757,280.9128723
Germany,2000,11073.0,78242066.0,14.152233659065187,2334.651855
Germany,2001,11167.0,78421514.0,14.23971488232171,2341.071289
Germany,2002,11176.0,78633771.0,14.212722927913504,2551.568115
Germany,2003,11155.0,78756461.0,14.16391729435379,3138.26123
Germany,2004,10741.0,78811814.0,13.628667397504644,3443.54541
Germany,2005,10270.0,78851254.0,13.024523363953096,3547.225342
Germany,2006,9775.0,78828994.0,12.40025973184435,3684.42627
Germany,2007,9409.0,78776585.0,11.943904397480543,4166.760742
Germany,2008,9459.0,78662789.0,12.024745270600564,4635.934082
Germany,2009,9579.0,78448602.0,12.210542642939641,4643.00293
Germany,2010,10030.0,78349067.0,12.801684032816881,4597.244629
Germany,2011,10153.0,78371140.0,12.955024005010007,5021.630859
Germany,2012,9896.0,78508115.0,12.605066367979923,4754.655762
Germany,2013,10091.0,77270988.0,13.059235116807358,5094.416016
Germany,2014,10217.0,77552369.0,13.174323533559624,5290.722168
Germany,2015,10088.0,78136683.0,12.910709301545344,4617.490723
Greece,2004,353.0,10547290.0,3.346831271350271,1791.739624
Greece,2005,400.0,10582816.0,3.7797123185360118,1948.504272
Greece,2006,394.0,10618891.0,3.710368625122906,2063.880371
Greece,2007,328.0,10653591.0,3.078774095983223,2439.315674
Greece,2008,373.0,10686723.0,3.490312231354738,2847.825195
Greece,2009,391.0,10719618.0,3.6475180365569,2816.13623
Greece,2010,377.0,10735384.0,3.5117514194182533,2573.740234
Greece,2011,477.0,10728724.0,4.446008677266747,2354.009277
Greece,2012,508.0,10539802.0,4.819824888551039,1968.480469
Greece,2013,533.0,10431289.0,5.109627391207358,1834.335083
Greece,2014,565.0,10380547.0,5.4428730971498895,1724.528687
Greece,2015,529.0,10331286.0,5.120369332530335,1464.725586
Grenada,2001,0.0,91415.0,0.0,285.3203125
Grenada,2002,0.0,91908.0,0.0,316.2298584
Grenada,2003,4.0,92567.0,4.321194378126114,312.9335327
Grenada,2004,1.0,93202.0,1.0729383489624686,310.0204163
Grenada,2005,6.0,93685.0,6.404440412019,368.2311707
Grenada,2006,1.0,94126.0,1.0624057114931051,408.2746887
Grenada,2007,3.0,94418.0,3.177360249105043,432.9971924
Grenada,2008,0.0,94585.0,0.0,462.8188782
Grenada,2009,0.0,94746.0,0.0,449.2532349
Grenada,2010,0.0,94980.0,0.0,456.2245789
Grenada,2011,1.0,95102.0,1.0515025972114151,460.0105591
Grenada,2012,2.0,95426.0,2.095864858633915,450.2014771
Grenada,2013,0.0,95876.0,0.0,451.8045044
Grenada,2014,0.0,96393.0,0.0,404.8162537
Grenada,2015,0.0,96892.0,0.0,440.2941589
Grenada,2016,0.0,97452.0,0.0,463.6931763
Guatemala,2000,182.0,9755585.0,1.8655980138556527,83.95554352
Guatemala,2001,202.0,10015097.0,2.0169550030319225,100.3934326
Guatemala,2002,258.0,10277166.0,2.510419701306761,107.955986
Guatemala,2003,253.0,10542980.0,2.399701033294192,113.6128998
Guatemala,2004,250.0,10817808.0,2.311004225625007,122.2627335
Guatemala,2005,238.0,11104906.0,2.1431968897350413,132.334137
Guatemala,2006,298.0,11397134.0,2.6146924305707038,148.713913
Guatemala,2007,327.0,11708397.0,2.792867375440037,158.3343964
Guatemala,2008,492.0,12032885.0,4.088794998040786,174.7796326
Guatemala,2009,511.0,12359945.0,4.134322604186346,168.1854248
Guatemala,2010,352.0,12682151.0,2.7755543992497804,173.7517853
Guatemala,2011,359.0,13017342.0,2.7578594769961486,189.2414093
Guatemala,2012,420.0,13335425.0,3.1495059212586023,198.4628448
Guatemala,2013,455.0,13641878.0,3.3353179085753446,213.023941
Guatemala,2014,512.0,13947190.0,3.6709903571974,219.1398926
Guatemala,2015,494.0,14258397.0,3.464625090744773,233.8632813
Guyana,2001,197.0,660426.0,29.829231435467413,60.19581604
Guyana,2002,176.0,662839.0,26.55245089682412,64.66991425
Guyana,2003,198.0,664705.0,29.78765016059756,67.86012268
Guyana,2004,186.0,666308.0,27.915018279834552,80.87737274
Guyana,2005,169.0,667709.0,25.31042714715542,90.62982941
Guyana,2006,201.0,668408.0,30.07145336381372,97.68846893
Guyana,2007,185.0,668788.0,27.66197958097334,120.5415878
Guyana,2008,168.0,669253.0,25.10261440740646,125.8893204
Guyana,2009,156.0,670155.0,23.27819683506054,141.6074066
Guyana,2010,205.0,671825.0,30.51389870874112,165.340683
Guyana,2011,192.0,675283.0,28.43252384555808,177.7289276
Guyana,2012,206.0,679356.0,30.32283515564741,185.9785614
Guyana,2013,210.0,683867.0,30.707725332557352,199.0410004
Hungary,2000,3269.0,9527034.0,34.31288268730856,313.1085815
Hungary,2001,2978.0,9704598.0,30.686484901280814,359.6974792
Hungary,2002,2839.0,9680164.0,29.32801551709248,473.1278381
Hungary,2003,2800.0,9652533.0,29.00792983561932,682.8656616
Hungary,2004,2742.0,9630044.0,28.473390152734506,798.4536133
Hungary,2005,2619.0,9608943.0,27.25585946341861,895.2033081
Hungary,2006,2461.0,9591110.0,25.659178134751865,893.2030029
Hungary,2007,2450.0,9572938.0,25.592978874406167,1003.258179
Hungary,2008,2476.0,9552784.0,25.919145664761185,1117.202271
Hungary,2009,2460.0,9534237.0,25.80175005089553,943.6876831
Hungary,2010,2489.0,9514005.0,26.161432540764903,983.1108398
Hungary,2011,2420.0,9495011.0,25.48706894599701,1063.432251
Hungary,2012,2349.0,9453181.0,24.84877841649281,961.1383667
Hungary,2013,2092.0,9433840.0,22.175487394316633,990.6311646
Hungary,2014,1925.0,9412788.0,20.45090147573705,1006.156494
Hungary,2015,1868.0,9389519.0,19.894522818474517,870.5192261
Hungary,2016,1762.0,9355723.0,18.833392138694144,914.5585938
Iceland,2000,50.0,259723.0,19.251279247506,2873.848145
Iceland,2001,36.0,263738.0,13.649910138091592,2557.269531
Iceland,2002,30.0,266455.0,11.258936781069977,3091.28833
Iceland,2003,26.0,268330.0,9.689561361010695,3955.023926
Iceland,2004,35.0,271588.0,12.887167326980572,4497.974121
Iceland,2005,33.0,274929.0,12.003098981918969,5213.475586
Iceland,2006,32.0,282999.0,11.307460450390284,5071.734375
Iceland,2007,37.0,289712.0,12.771303915612743,6085.145996
Iceland,2008,38.0,296836.0,12.80168173671657,4945.617188
Iceland,2009,36.0,296204.0,12.153785904309192,3693.276367
Iceland,2010,46.0,294620.0,15.613332428212612,3644.802734
Iceland,2011,27.0,295475.0,9.13782891953634,3867.376953
Iceland,2012,37.0,297238.0,12.447937343139168,3706.809326
Iceland,2013,49.0,300456.0,16.308544345927523,4030.777832
Iceland,2014,44.0,304472.0,14.451246748469481,4476.212891
Iceland,2015,40.0,308554.0,12.96369517167173,4281.575684
Iceland,2016,40.0,313780.0,12.74778507234368,5063.605957
Ireland,2000,463.0,3523376.0,13.140805863467312,1560.950562
Ireland,2001,488.0,3573974.0,13.654268329875931,1822.140381
Ireland,2002,449.0,3639573.0,12.336612014651172,2190.017822
Ireland,2003,454.0,3694079.0,12.289937491861977,2904.407471
Ireland,2004,464.0,3752679.0,12.364500134437291,3476.919678
Ireland,2005,451.0,3833357.0,11.765144754323691,3936.624023
Ireland,2006,452.0,3937578.0,11.479137683113832,4143.44873
Ireland,2007,458.0,4026707.0,11.374058256535676,4852.221191
Ireland,2008,506.0,4094192.0,12.35897095202179,5616.04834
Ireland,2009,527.0,4117667.0,12.798509447218535,5480.83252
Ireland,2010,486.0,4264857.0,11.39545827679568,5128.450684
Ireland,2011,554.0,4218849.0,13.131543698293065,5563.418457
Ireland,2012,542.0,4220806.0,12.841149297077385,5239.633789
Ireland,2013,487.0,4227378.0,11.52014321879898,5330.228027
Ireland,2014,486.0,4328043.0,11.229093611130942,5392.350098
Israel,2000,394.0,5643291.0,6.981741682291414,1496.87854
Israel,2001,398.0,5777467.0,6.888832078140819,1541.569824
Israel,2002,382.0,5895508.0,6.4795094841699825,1387.578247
Israel,2003,417.0,6003127.0,6.946379778405489,1417.606812
Israel,2004,411.0,6109931.0,6.726753542715948,1471.525635
Israel,2005,425.0,6220861.0,6.8318517324209616,1537.728516
Israel,2006,367.0,6334485.0,5.793683306535574,1576.017212
Israel,2007,326.0,6448814.0,5.0551930944201535,1780.092896
Israel,2008,354.0,6565602.0,5.391737117175242,2121.681152
Israel,2009,404.0,6731835.0,6.001335445684572,2017.15918
Israel,2010,480.0,6849825.0,7.007478293241068,2211.019043
Israel,2011,409.0,6971495.0,5.866747376280125,2410.748291
Israel,2012,430.0,7095360.0,6.060298561313311,2376.651367
Israel,2013,372.0,7226008.0,5.148070691313932,2648.820557
Israel,2014,382.0,7366252.0,5.185812269251718,2788.500244
Israel,2015,342.0,7516180.0,4.550183736951484,2640.311279
Italy,2000,4108.0,54298946.0,7.565524384211804,1520.453613
Italy,2001,4030.0,54333844.0,7.417108202394073,1585.269897
Italy,2002,4069.0,54526842.0,7.462379721165587,1754.255371
Italy,2003,4075.0,54937570.0,7.4175104577796205,2158.177002
Italy,2004,3986.0,54988156.0,7.248833730667381,2561.030762
Italy,2005,3742.0,55244690.0,6.773501670477289,2676.486816
Italy,2006,3700.0,56180672.0,6.585894878580306,2830.181885
Italy,2007,3757.0,56583578.0,6.639735649095925,3088.470215
Italy,2008,3904.0,57009825.0,6.847942437992047,3489.98584
Italy,2009,3974.0,57351830.0,6.929159889056722,3324.373535
Italy,2010,3989.0,57637843.0,6.9208002804685105,3214.546387
Italy,2011,4153.0,56610149.0,7.336140380058001,3387.575684
Italy,2012,4257.0,56795085.0,7.495366896624945,3125.611572
Italy,2013,4290.0,57503331.0,7.460437378836367,3195.553467
Italy,2014,4147.0,58100676.0,7.137610584771854,3190.088135
Italy,2015,3988.0,58117697.0,6.861937423294664,2708.835449
Jamaica,2000,3.0,2367841.0,0.12669769634025257,195.5306549
Jamaica,2001,5.0,2391278.0,0.209093212917946,181.1382446
Jamaica,2002,2.0,2415717.0,0.0827911547586079,174.9438477
Jamaica,2003,2.0,2440426.0,0.08195290494364509,158.3518372
Jamaica,2004,1.0,2464408.0,0.04057769655024655,196.0519257
Jamaica,2005,51.0,2487169.0,2.0505241099418656,181.800415
Jamaica,2006,0.0,2512597.0,0.0,193.5884094
Jamaica,2009,36.0,2568883.0,1.4013872955677626,206.9230194
Jamaica,2010,3.0,2586652.0,0.11598003906207716,234.9303131
Jamaica,2011,50.0,2601037.0,1.9223102170403565,251.7614441
Japan,2000,29989.0,119752660.0,25.042449996517814,2740.465088
Japan,2001,29132.0,120066000.0,24.263321839654857,2479.623535
Japan,2002,29715.0,120189000.0,24.723560392382005,2404.467041
Japan,2003,31881.0,120395000.0,26.480335562108063,2642.032471
Japan,2004,30034.0,120500000.0,24.924481327800827,2875.721924
Japan,2005,30369.0,120657507.0,25.169590152397234,2883.083252
Japan,2006,29769.0,120702000.0,24.663220162052,2754.157471
Japan,2007,30665.0,120704000.0,25.405123276776244,2772.455566
Japan,2008,30073.0,120602000.0,24.93573904247027,3213.398926
Japan,2009,30523.0,120496000.0,25.331131323861367,3685.825439
Japan,2010,29411.0,121127267.0,24.28107289830951,4060.190186
Japan,2011,28766.0,120927000.0,23.787905099770935,5087.102051
Japan,2012,26338.0,120735000.0,21.81471818445356,5212.069824
Japan,2013,25991.0,120514000.0,21.56678892078929,4336.149902
Japan,2014,24357.0,120274000.0,20.251259623858854,4099.464844
Japan,2015,23092.0,120376310.0,19.1831764904573,3733.67334
Kazakhstan,2000,4428.0,13772422.0,32.151207681553764,50.54031754
Kazakhstan,2001,4377.0,13772696.0,31.78027018094351,51.12460327
Kazakhstan,2002,4240.0,13777476.0,30.77486761726168,58.95573425
Kazakhstan,2003,4321.0,13811863.0,31.284700695337044,75.36910248
Kazakhstan,2004,4394.0,13873328.0,31.67228512149356,111.7101898
Kazakhstan,2005,3903.0,13947770.0,27.98296788662274,143.4104767
Kazakhstan,2006,4076.0,14037676.0,29.036145299264636,175.4342041
Kazakhstan,2007,4141.0,14125606.0,29.31555644409168,178.9144897
Kazakhstan,2008,3997.0,14216053.0,28.11610226833004,254.3148804
Kazakhstan,2009,3838.0,14370635.0,26.707240146312255,249.3059998
Kazakhstan,2010,3609.0,14713167.0,24.52904938821125,247.4310608
Kazakhstan,2011,3401.0,14853350.0,22.897191542648628,310.8926392
Kazakhstan,2012,3240.0,15023549.0,21.566142593870463,376.0975342
Kazakhstan,2013,3512.0,15215382.0,23.08190487757717,394.0064392
Kazakhstan,2014,3119.0,15428844.0,20.215383602297102,342.9827576
Kazakhstan,2015,2872.0,15646752.0,18.355247146500442,316.4008484
Kiribati,2000,0.0,72440.0,0.0,68.88175964
Kiribati,2001,0.0,73851.0,0.0,90.61242676
Kuwait,2000,34.0,1973153.0,1.7231304414812234,462.5890808
Kuwait,2001,30.0,2038530.0,1.4716486880251944,596.6914673
Kuwait,2002,45.0,2158603.0,2.084681620473982,635.4162598
Kuwait,2003,44.0,1950622.0,2.2556907488995805,713.156311
Kuwait,2004,45.0,1996086.0,2.2544118840571,742.3007813
Kuwait,2005,52.0,2062968.0,2.5206401650437624,843.8959351
Kuwait,2006,45.0,2165713.0,2.077837645154275,962.5648193
Kuwait,2007,51.0,3074918.0,1.6585808141875653,976.8039551
Kuwait,2008,47.0,3369394.0,1.3949095890833787,1074.297363
Kuwait,2009,61.0,3165654.0,1.9269320020444427,1454.546265
Kuwait,2010,39.0,3281614.0,1.188439591006133,1061.365601
Kuwait,2011,41.0,3333698.0,1.2298654527194726,1263.820679
Kuwait,2012,56.0,3496698.0,1.6015109111510346,1319.254395
Kuwait,2013,41.0,3574090.0,1.1471451474361303,1251.391479
Kuwait,2014,68.0,3715284.0,1.8302773085449187,1375.003296
Latvia,2000,770.0,2272107.0,33.88924905385178,181.5707245
Latvia,2001,708.0,2242227.0,31.57575035890657,205.0204773
Latvia,2002,670.0,2214484.0,30.25535519787002,237.295166
Latvia,2003,604.0,2190211.0,27.5772516894491,280.5087891
Latvia,2004,563.0,2163477.0,26.022925133939488,393.2980652
Latvia,2005,564.0,2137831.0,26.38187957794606,440.8097534
Latvia,2006,487.0,2115215.0,23.023664261079844,552.3015747
Latvia,2007,453.0,2093878.0,21.63449828500037,807.0426025
Latvia,2008,527.0,2067529.0,25.489364357162586,913.5214844
Latvia,2009,516.0,2030316.0,25.414763022110844,744.6616211
Latvia,2010,438.0,1987906.0,22.033234971874926,689.0772095
Latvia,2011,440.0,1953611.0,22.52239570723137,764.5917358
Latvia,2012,444.0,1931521.0,22.98706563376738,745.5174561
Latvia,2013,383.0,1912464.0,20.026520760652225,807.1300049
Latvia,2014,382.0,1894041.0,20.16851799934637,855.6263428
Latvia,2015,387.0,1875522.0,20.63425542329016,775.552002
Lithuania,2000,1631.0,3315125.0,49.19874816183402,217.1761322
Lithuania,2001,1533.0,3294138.0,46.537212466508684,218.8180237
Lithuania,2002,1551.0,3274488.0,47.36618365985766,254.3668823
Lithuania,2003,1455.0,3254127.0,44.7124528329718,338.8630676
Lithuania,2004,1380.0,3222969.0,42.81766284441456,366.9596863
Lithuania,2005,1319.0,3174728.0,41.54686637721405,438.9326782
Lithuania,2006,1049.0,3125767.0,33.55976309174676,536.057373
Lithuania,2007,1025.0,3087867.0,33.19443486393682,704.2931519
Lithuania,2008,1111.0,3053756.0,36.38142667587063,936.5093384
Lithuania,2009,1138.0,3016497.0,37.725878726217864,864.7363892
Lithuania,2010,1018.0,2949737.0,34.51155136881695,805.2244873
Lithuania,2011,1018.0,2879805.0,35.349615685784286,925.4716187
Lithuania,2012,927.0,2837770.0,32.6664951705036,896.9370728
Lithuania,2013,1085.0,2806627.0,38.65850360592982,958.9271851
Lithuania,2014,930.0,2781577.0,33.434271278486975,1021.232971
Lithuania,2015,896.0,2753926.0,32.5353695052082,920.1997681
Lithuania,2016,826.0,2717150.0,30.399499475553426,988.5279541
Luxembourg,2000,62.0,410164.0,15.115904857569166,2893.994141
Luxembourg,2001,73.0,413930.0,17.63583214553185,3106.483398
Luxembourg,2002,85.0,418106.0,20.32977283272663,3583.946777
Luxembourg,2003,48.0,423654.0,11.330000424875015,4597.075195
Luxembourg,2004,62.0,430128.0,14.414313878659375,5600.30127
Luxembourg,2005,49.0,437338.0,11.204148736217753,5815.830566
Luxembourg,2006,65.0,444821.0,14.61261945816407,6065.344238
Luxembourg,2007,78.0,452012.0,17.256179039494526,6662.445313
Luxembourg,2008,43.0,460371.0,9.340292937652459,7548.198242
Luxembourg,2009,48.0,469209.0,10.229982800841416,7639.851074
Luxembourg,2010,54.0,477979.0,11.297567466353124,7452.205078
Luxembourg,2011,55.0,488918.0,11.249330153522678,7164.688477
Luxembourg,2012,51.0,501044.0,10.178746776730186,7096.870117
Luxembourg,2013,40.0,512689.0,7.8020008231110864,6522.022949
Luxembourg,2014,67.0,524940.0,12.763363432011278,6680.973633
Luxembourg,2015,64.0,537748.0,11.901485454153246,5567.418457
Maldives,2000,0.0,247387.0,0.0,221.1403198
Maldives,2001,3.0,255503.0,1.1741545109059384,229.5926819
Maldives,2002,3.0,263747.0,1.1374536961557857,247.1714325
Maldives,2003,4.0,272110.0,1.4699937525265518,235.9890747
Maldives,2004,1.0,280526.0,0.3564731967803341,295.7519531
Maldives,2005,1.0,288936.0,0.3460974056538472,322.0964355
Maldives,2007,5.0,305536.0,1.6364683703393381,461.7489624
Maldives,2008,0.0,313924.0,0.0,755.1884766
Maldives,2010,1.0,331559.0,0.30160544578792914,602.659668
Maldives,2011,2.0,341018.0,0.586479306077685,585.9229736
Malta,2000,23.0,362676.0,6.341748557941524,647.1015015
Malta,2001,30.0,370541.0,8.096270048388705,685.9840088
Malta,2002,19.0,374456.0,5.074027389065738,830.6463013
Malta,2003,20.0,377785.0,5.294016437921039,1074.09314
Malta,2004,24.0,380918.0,6.300568626318524,1223.857422
Malta,2005,19.0,384111.0,4.946486822819446,1379.686401
Malta,2006,26.0,386038.0,6.735088255560332,1474.484497
Malta,2007,26.0,387581.0,6.708275173447614,1596.123169
Malta,2008,14.0,390195.0,3.587949614936122,1751.165039
Malta,2009,36.0,393102.0,9.1579284765786,1677.362305
Malta,2010,31.0,394949.0,7.849114695821486,1733.668823
Malta,2011,20.0,396423.0,5.045115949377307,1960.061157
Malta,2012,25.0,399138.0,6.263497837840546,1898.60144
Malta,2013,22.0,402728.0,5.462744085337997,2121.082275
Malta,2014,32.0,406525.0,7.871594612877437,2462.484619
Malta,2015,34.0,410637.0,8.279818915489837,2249.858643
Mauritius,2000,137.0,1056073.0,12.972588069195973,118.9770737
Mauritius,2001,113.0,1068947.0,10.571150861548796,119.4685364
Mauritius,2002,131.0,1079755.0,12.132381882927145,135.9414368
Mauritius,2003,88.0,1092234.0,8.056881583982921,162.0018463
Mauritius,2004,97.0,1103091.0,8.79347216140826,189.9288025
Mauritius,2005,102.0,1113942.0,9.156670634557276,197.6750488
Mauritius,2006,118.0,1125301.0,10.48608327905156,209.1470184
Mauritius,2007,127.0,1135233.0,11.187130747608641,235.8463745
Mauritius,2008,84.0,1146258.0,7.3281931292954985,321.8082581
Mauritius,2009,115.0,1159551.0,9.917631910972435,310.1473694
Mauritius,2010,98.0,1164931.0,8.412515419368185,367.1207886
Mauritius,2011,118.0,1173352.0,10.056658189528806,396.6302185
Mauritius,2012,115.0,1180547.0,9.741247065978738,398.1590576
Mauritius,2013,98.0,1147390.0,8.541123767855742,452.5140686
Mauritius,2014,120.0,1151424.0,10.421877605469401,559.505127
Mauritius,2015,104.0,1154848.0,9.005514145584526,529.161377
Mauritius,2016,98.0,1157229.0,8.468505369291643,553.0965576
Mexico,2000,3456.0,89694793.0,3.8530664762223146,309.6332703
Mexico,2001,3760.0,91052714.0,4.1294760307748755,353.9034424
Mexico,2002,3826.0,92394316.0,4.140947371697626,375.2424011
Mexico,2003,4070.0,93758859.0,4.340923133460914,401.4545898
Mexico,2004,4056.0,95193068.0,4.260814453422175,435.2888489
Mexico,2005,4274.0,96730008.0,4.418484075799932,472.1081238
Mexico,2006,4230.0,98468839.0,4.295775235046694,501.0375671
Mexico,2007,4285.0,100294297.0,4.272426377344267,542.7859497
Mexico,2008,4642.0,102170587.0,4.5433819422022115,556.534668
Mexico,2009,5023.0,104044342.0,4.827749307117537,477.6488647
Mexico,2010,4858.0,105875861.0,4.588392438197031,538.744751
Mexico,2011,5558.0,107655100.0,5.162783741782786,565.1291504
Mexico,2012,5381.0,109368765.0,4.92005189964429,580.7484741
Mexico,2013,5711.0,111036708.0,5.143344127241236,617.8746948
Mexico,2014,6178.0,112692589.0,5.482170615496287,595.8328247
Mexico,2015,6234.0,114357884.0,5.451307581032192,539.0283203
Mongolia,2016,450.0,2698164.0,16.67800771191076,163.4577332
Netherlands,2000,1501.0,14933235.0,10.05140547242443,2023.143677
Netherlands,2001,1474.0,15038337.0,9.801615697267591,2173.828369
Netherlands,2002,1570.0,15130318.0,10.376516871621602,2532.855225
Netherlands,2003,1502.0,15203397.0,9.879371037933169,3237.084473
Netherlands,2004,1514.0,15265861.0,9.917553946023745,3682.854004
Netherlands,2005,1574.0,15320595.0,10.273752422800813,3821.959473
Netherlands,2006,1525.0,15368697.0,9.922767037439806,4076.595703
Netherlands,2007,1354.0,15425404.0,8.777727960966208,4689.932617
Netherlands,2008,1439.0,15506963.0,9.279702285998876,5360.748535
Netherlands,2009,1530.0,15602176.0,9.806324451153479,5261.570801
Netherlands,2010,1604.0,15691409.0,10.222154046204519,5186.632813
Netherlands,2011,1650.0,15772162.0,10.46147002547907,5554.845215
Netherlands,2012,1756.0,15839503.0,11.086206429583049,5284.94873
Netherlands,2013,1856.0,15899508.0,11.673317186921759,5531.153809
Netherlands,2014,1839.0,15899508.0,11.56639563941224,5594.431152
Netherlands,2015,1873.0,16057342.0,11.664446083293235,4674.679688
Netherlands,2016,1895.0,16155753.0,11.729567789257485,4753.376953
New Zealand,2000,458.0,3573690.0,12.815884981629631,1053.891602
New Zealand,2001,508.0,3599090.0,14.114678988299818,1049.376099
New Zealand,2002,467.0,3659190.0,12.76238730429412,1246.313477
New Zealand,2003,519.0,3729420.0,13.916373055327638,1610.937622
New Zealand,2004,495.0,3802510.0,13.01771724466208,1983.658813
New Zealand,2005,514.0,3849280.0,13.35314656247402,2295.177979
New Zealand,2006,527.0,3898600.0,13.517673010824398,2301.875977
New Zealand,2007,494.0,3935450.0,12.552567050781995,2699.345703
New Zealand,2008,520.0,3968450.0,13.103352694376895,2839.066162
New Zealand,2009,512.0,4009980.0,12.768143482012379,2700.886475
New Zealand,2010,536.0,4055470.0,13.216717174581493,3216.223633
New Zealand,2011,493.0,4090460.0,12.05243420055446,3626.029297
New Zealand,2012,549.0,4120870.0,13.322429486977265,3806.579834
New Zealand,2013,513.0,4129770.0,12.421999288095948,3955.531982
Nicaragua,2010,351.0,5107427.0,6.872344920446244,107.6079636
Nicaragua,2011,369.0,5177921.0,7.126412318766546,124.9501953
Nicaragua,2012,316.0,5251443.0,6.017393695409053,137.0510101
Nicaragua,2013,351.0,5326935.0,6.589154926801247,138.9812775
Nicaragua,2014,311.0,5402424.0,5.756675151746697,158.2309265
Nicaragua,2015,315.0,5476483.0,5.751866663331193,165.9104309
Norway,2000,541.0,4168315.0,12.978865560784154,2948.931641
Norway,2001,549.0,4215103.0,13.024592756096352,3099.003418
Norway,2002,494.0,4243689.0,11.640815337787478,3889.959473
Norway,2003,502.0,4273124.0,11.74784537027243,4632.568359
Norway,2004,529.0,4301960.0,12.296720564579866,5097.344238
Norway,2005,533.0,4335092.0,12.29501011743234,5584.689453
Norway,2006,532.0,4372103.0,12.168057339911709,5892.987305
Norway,2007,485.0,4417369.0,10.979386145916271,6895.560547
Norway,2008,505.0,4472089.0,11.29226184899272,7768.050293
Norway,2009,573.0,4527536.0,12.65589053295214,7301.959961
Norway,2010,548.0,4582885.0,11.957533300530123,7859.516113
Norway,2011,598.0,4643300.0,12.878771563327804,8900.37207
Norway,2012,515.0,4706585.0,10.9421162052741,8970.120117
Norway,2013,554.0,4767605.0,11.620090171060731,9241.265625
Norway,2014,548.0,4827178.0,11.35238849696448,9118.317383
Norway,2015,590.0,4882909.0,12.082961202021172,7565.549805
Oman,2009,13.0,2607549.0,0.49855247207243275,475.0041504
Oman,2010,13.0,2748440.0,0.472995590225728,529.076416
Oman,2014,7.0,3631098.0,0.19277915385373792,721.9329224
Panama,2000,143.0,2688510.0,5.318931303956468,286.1367188
Panama,2001,162.0,2742982.0,5.905981154816182,281.7444153
Panama,2002,160.0,2800046.0,5.7141918382769425,292.8473816
Panama,2003,195.0,2858964.0,6.820652516086246,287.9050598
Panama,2004,186.0,2918453.0,6.3732395210750346,326.3393555
Panama,2005,172.0,2977595.0,5.776473966405774,304.6506348
Panama,2006,185.0,3037959.0,6.089614770969589,350.4006653
Panama,2007,171.0,3097138.0,5.521226370926966,427.019165
Panama,2008,186.0,3155636.0,5.894215936185289,489.8070374
Panama,2009,177.0,3214513.0,5.506277311679871,529.855896
Panama,2010,151.0,3274415.0,4.611510758410281,579.5228271
Panama,2011,144.0,3334191.0,4.3188887499246436,619.0647583
Panama,2012,135.0,3395244.0,3.9761501677051783,705.2017822
Panama,2013,130.0,3457387.0,3.7600650433405343,790.0667725
Panama,2014,147.0,3520213.0,4.175883675220789,883.6765747
Panama,2015,110.0,3583382.0,3.069725750701432,927.7602539
Paraguay,2000,154.0,4598158.0,3.349167210000178,91.90170288
Paraguay,2001,152.0,4701314.0,3.233138650173122,79.24260712
Paraguay,2002,177.0,4809921.0,3.679894118843115,54.75959778
Paraguay,2003,174.0,4920489.0,3.5362338987039705,58.95074463
Paraguay,2004,234.0,5027301.0,4.654585034793023,71.39472198
Paraguay,2005,239.0,5126457.0,4.662089236289312,75.647789
Paraguay,2006,251.0,5223460.0,4.805244033648196,96.63381958
Paraguay,2007,227.0,5307169.0,4.277233304611178,124.958519
Paraguay,2008,222.0,5382169.0,4.1247311260571715,169.1345367
Paraguay,2009,283.0,5456220.0,5.186741003845152,162.8451996
Paraguay,2010,223.0,5534703.0,4.029123152588315,202.8670044
Paraguay,2011,298.0,5610499.0,5.3114705126941475,270.7251892
Paraguay,2012,275.0,5695283.0,4.8285572464090025,341.3824463
Paraguay,2013,323.0,5786207.0,5.582240663011192,362.3774414
Paraguay,2014,379.0,5877594.0,6.448216736304004,408.5275574
Philippines,2000,1403.0,67243482.0,2.086447575692169,32.77552414
Philippines,2001,1204.0,68738092.0,1.751576112994233,28.211586
Philippines,2002,1301.0,70256443.0,1.8517874581267944,27.3349247
Philippines,2003,1544.0,71781489.0,2.150972376736292,32.25115585
Philippines,2006,1788.0,76435755.0,2.33921938757588,54.91727829
Philippines,2007,1698.0,78008654.0,2.176681576892737,65.56161499
Philippines,2008,1820.0,79595888.0,2.2865502800848203,77.3146286
Philippines,2009,2074.0,81193855.0,2.5543805008396263,79.46684265
Philippines,2010,2116.0,82760992.0,2.5567600736346914,91.84031677
Philippines,2011,2449.0,84201767.0,2.908490032044102,98.94901276
Poland,2000,5841.0,36233344.0,16.120510433704386,238.0044861
Poland,2001,5855.0,36295390.0,16.131525243288472,282.8210449
Poland,2002,5925.0,36347498.0,16.300984458407566,315.8314514
Poland,2003,5836.0,36353775.0,16.05335346879382,339.3352051
Poland,2004,6072.0,36371596.0,16.694345774653385,392.0033875
Poland,2005,6045.0,36371365.0,16.620217580505983,465.7001953
Poland,2006,5805.0,36348232.0,15.970515429746348,524.0974731
Poland,2007,5284.0,36310843.0,14.552127032688281,660.9246826
Poland,2008,5682.0,36262711.0,15.668988454834501,892.5968628
Poland,2009,6477.0,36223402.0,17.88070595909241,759.6057739
Poland,2010,6357.0,36027791.0,17.64471210571861,809.1994019
Poland,2011,6113.0,36008237.0,16.976671198870417,866.0946655
Poland,2012,6368.0,36013446.0,17.68228455560737,815.1418457
Poland,2013,6218.0,36023694.0,17.260861698414384,878.088501
Poland,2014,5934.0,36059630.0,16.4560756724348,911.2981567
Poland,2015,5420.0,36086575.0,15.019435898253018,803.9596558
Portugal,2000,524.0,9740085.0,5.379829847480797,967.1439209
Portugal,2001,761.0,9809536.0,7.757757349583098,988.7559204
Portugal,2002,1210.0,9859832.0,12.272014371035937,1105.169556
Portugal,2003,1156.0,9895009.0,11.682657388184285,1405.871094
Portugal,2007,1020.0,10005713.0,10.194176067212801,2067.124023
Portugal,2008,1038.0,10030640.0,10.34829283076653,2322.031494
Portugal,2009,1025.0,10049918.0,10.199088191565343,2279.470703
Portugal,2010,1099.0,10066628.0,10.917260476894544,2213.0979
Portugal,2011,1017.0,10062815.0,10.106515920246968,2207.695557
Portugal,2012,1076.0,10029396.0,10.728462611307801,1918.599243
Portugal,2013,1052.0,9985074.0,10.535725624066481,1959.424683
Portugal,2014,1222.0,9944433.0,12.288282298246669,1986.894531
Qatar,2001,23.0,539483.0,4.263341013525913,657.979187
Qatar,2004,21.0,697191.0,3.012087075134361,1285.689331
Qatar,2005,17.0,796618.0,2.1340215762134425,1322.78479
Qatar,2006,29.0,940090.0,3.0848110287312926,1327.681519
Qatar,2007,41.0,1115479.0,3.67555104130154,1322.241699
Qatar,2008,33.0,1310465.0,2.518190108091403,1327.578979
Qatar,2009,44.0,1506649.0,2.920388225791143,1321.488647
Qatar,2010,47.0,1689592.0,2.7817366559500756,1257.945923
Qatar,2011,50.0,1854081.0,2.696753809569269,1375.136475
Qatar,2012,43.0,2003149.0,2.146620146579211,1548.309204
Qatar,2013,37.0,2135349.0,1.7327378334876409,1833.387329
Qatar,2014,55.0,2251682.0,2.44261845145096,2104.407227
Qatar,2015,66.0,2354147.0,2.803563243926569,2031.892944
Qatar,2016,70.0,2439861.0,2.869015898856533,1800.474365
Romania,2000,2836.0,21290400.0,13.320557622214707,69.89345551
Romania,2001,2720.0,21272887.0,12.786228780324926,78.8175354
Romania,2002,3067.0,20700580.0,14.816009986193626,96.57698822
Romania,2003,2894.0,20656841.0,14.009886603668006,143.5455322
Romania,2004,2720.0,20610767.0,13.196985827844252,190.7950592
Romania,2005,2603.0,20569960.0,12.654375604036177,254.5296173
Romania,2006,2721.0,20526561.0,13.25599548799236,291.0040894
Romania,2007,2430.0,20475026.0,11.868116797507364,415.0679016
Romania,2008,2472.0,20433803.0,12.09760121500633,521.3156128
Romania,2009,2586.0,20390882.0,12.682139007032655,449.3769226
Romania,2010,2766.0,20348649.0,13.593040009683198,472.2075195
Romania,2011,2536.0,20291701.0,12.497720127060811,426.5997314
Romania,2012,2495.0,19041594.0,13.10289464211872,401.671051
Romania,2013,2407.0,19003345.0,12.666191136349942,495.2362366
Romania,2014,2209.0,18952235.0,11.655617398159109,503.3475342
Romania,2015,2228.0,18863927.0,11.810902364072971,442.2440186
Romania,2016,1969.0,18743783.0,10.504816450339828,476.2435608
Russian Federation,2000,56619.0,138205695.0,40.96719748053797,95.41753387
Russian Federation,2001,56958.0,137521509.0,41.41752109482743,118.1223373
Russian Federation,2002,55024.0,136590900.0,40.28379635832256,140.7755737
Russian Federation,2003,51445.0,137019868.0,37.54564994910081,164.6775513
Russian Federation,2004,49096.0,137071699.0,35.817751117245585,209.2494354
Russian Federation,2005,45802.0,136162191.0,33.6378253490354,271.9867249
Russian Federation,2006,42614.0,135357462.0,31.482564293352368,352.7495422
Russian Federation,2007,41149.0,134778964.0,30.530728816108127,461.8795166
Russian Federation,2008,38211.0,134385949.0,28.433776212719973,609.8651123
Russian Federation,2009,37408.0,134085433.0,27.89863086767972,516.6986084
Russian Federation,2010,33356.0,134865987.0,24.732700024654843,567.3776855
Russian Federation,2011,31038.0,134745874.0,23.034471541592442,684.7526245
Russian Federation,2012,29643.0,134668522.0,22.011825450939455,760.0706787
Russian Federation,2013,28690.0,134713962.0,21.296975884355625,811.1694336
Russian Federation,2014,26541.0,134713962.0,19.70174405530438,742.2849731
Russian Federation,2015,25432.0,137018943.0,18.560937227489777,501.853302
San Marino,2000,1.0,25369.0,3.941818755173637,1934.978027
San Marino,2005,1.0,28264.0,3.538069629210302,3012.349609
Serbia,2000,1543.0,7149140.0,21.583015579496273,56.50499725
Serbia,2001,1442.0,7142410.0,20.18926384791688,112.2206192
Serbia,2002,1446.0,7138113.0,20.2574545961937,173.2740631
Serbia,2003,1378.0,7111975.0,19.37577114655212,230.1070862
Serbia,2004,1345.0,7086364.0,18.980114484663783,274.4285583
Serbia,2005,1437.0,7058982.0,20.357042984385,307.5655823
Serbia,2006,1443.0,7031811.0,20.52102936213729,371.557312
Serbia,2007,1353.0,7009610.0,19.302072440549477,547.1903687
Serbia,2008,1289.0,6988532.0,18.44450308018909,671.9564819
Serbia,2009,1373.0,6968240.0,19.70368414405933,575.4691162
Serbia,2010,1207.0,6944871.0,17.37973246731293,545.2910767
Serbia,2011,1256.0,6900027.0,18.2028273222699,619.0800171
Serbia,2012,1243.0,6867174.0,18.10060441165464,559.8135986
Serbia,2013,1197.0,6832840.0,17.51833790927345,627.53302
Serbia,2014,1134.0,6801810.0,16.672032885364338,608.8585815
Serbia,2015,1062.0,6766406.0,15.695185893367908,491.25177
Seychelles,2001,6.0,75363.0,7.961466502129692,406.5769653
Seychelles,2002,5.0,76904.0,6.501612399875168,377.6629639
Seychelles,2003,8.0,78402.0,10.203821331088491,440.1113281
Seychelles,2004,6.0,79735.0,7.524926318429799,498.4817505
Seychelles,2005,5.0,80900.0,6.180469715698393,515.4780273
Seychelles,2006,8.0,81691.0,9.79300045292627,530.3119507
Seychelles,2007,6.0,82331.0,7.287655925471572,468.2055969
Seychelles,2008,4.0,82900.0,4.825090470446321,425.572876
Seychelles,2009,4.0,83429.0,4.7944959186853495,361.5524292
Seychelles,2010,6.0,83885.0,7.152649460571018,512.2929688
Seychelles,2011,5.0,80717.0,6.194481955474064,532.2078857
Seychelles,2012,3.0,81224.0,3.693489608982568,657.9508667
Seychelles,2013,9.0,82541.0,10.903672114464328,645.4216309
Seychelles,2014,4.0,83845.0,4.770707853777804,682.2625122
Seychelles,2015,7.0,85949.0,8.144364681380821,674.2251587
Singapore,2000,309.0,3047600.0,10.139125869536684,820.6981812
Singapore,2001,305.0,3103000.0,9.829197550757332,706.734375
Singapore,2002,321.0,3165200.0,10.141539239226589,752.2897339
Singapore,2003,320.0,3226200.0,9.91878990763127,828.8669434
Singapore,2004,335.0,3281400.0,10.20905710977022,829.2338867
Singapore,2005,359.0,3342400.0,10.740785064624221,863.3361816
Singapore,2006,372.0,3411900.0,10.903015914886135,945.7785034
Singapore,2007,328.0,3389600.0,9.676658012744868,1084.877319
Singapore,2008,319.0,3448900.0,9.249325872017167,1275.143311
Singapore,2009,349.0,3536100.0,9.869630383756116,1328.818115
Singapore,2010,296.0,3576800.0,8.275553567434578,1513.565918
Singapore,2011,308.0,3600900.0,8.553417201255243,1704.372925
Singapore,2012,392.0,3631600.0,10.794140323824209,1863.081055
Singapore,2013,357.0,3661456.0,9.750219584777206,2114.615234
Singapore,2014,355.0,3689370.0,9.622239027259395,2237.400879
Singapore,2015,329.0,3719115.0,8.846190558775406,2326.265137
Slovenia,2000,588.0,1886483.0,31.169112046066672,796.6470337
Slovenia,2001,581.0,1901330.0,30.557557078466125,826.225769
Slovenia,2002,540.0,1906124.0,28.329741401923485,944.8713989
Slovenia,2003,562.0,1907589.0,29.461272842315612,1203.063477
Slovenia,2004,512.0,1907862.0,26.836322543244744,1368.648682
Slovenia,2005,503.0,1911817.0,26.310049549721548,1449.189209
Slovenia,2006,529.0,1918570.0,27.57261919033447,1541.664307
Slovenia,2007,434.0,1927332.0,22.518175384417425,1793.57605
Slovenia,2008,408.0,1943758.0,20.990267306938417,2170.666748
Slovenia,2009,447.0,1942037.0,23.017069190751773,2116.540039
Slovenia,2010,414.0,1944774.0,21.287820589950297,2015.18042
Slovenia,2011,435.0,1944561.0,22.370087644460625,2144.995605
Slovenia,2012,440.0,1945988.0,22.610622470436613,1974.965576
Slovenia,2013,446.0,1948276.0,22.89203377755513,2054.797363
Slovenia,2014,388.0,1951786.0,19.879228562967455,2059.640381
Slovenia,2015,422.0,1954632.0,21.589741700739577,1775.145874
South Africa,2000,267.0,40568559.0,0.658145141413576,221.7829742
South Africa,2001,384.0,41185599.0,0.932364732633851,195.1963196
South Africa,2002,236.0,41803868.0,0.5645410611286017,169.0221863
South Africa,2003,256.0,42415309.0,0.6035556643003592,254.3037109
South Africa,2004,383.0,43005874.0,0.8905760175923876,322.7164001
South Africa,2005,458.0,43566107.0,1.051275937967099,354.062439
South Africa,2006,514.0,44079057.0,1.1660866519898556,362.463623
South Africa,2007,417.0,44577435.0,0.9354508620785383,386.0000305
South Africa,2008,441.0,43680586.0,1.0096018400485745,372.3551025
South Africa,2009,372.0,45607048.0,0.8156634036037588,413.0740967
South Africa,2010,393.0,46176200.0,0.8510877898138002,539.567627
South Africa,2011,358.0,46806739.0,0.764847130239088,597.359436
South Africa,2012,487.0,47484256.0,1.0256030967401069,579.7485352
South Africa,2013,587.0,48192699.0,1.218026821863619,526.4995728
South Africa,2014,580.0,48912129.0,1.185799947493596,509.8332214
South Africa,2015,482.0,49627460.0,0.971236488830982,470.7969666
Spain,2000,3394.0,38319996.0,8.8569946614817,1002.786987
Spain,2001,3189.0,38713504.0,8.237435702022735,1044.136963
Spain,2002,3372.0,39340611.0,8.571295448359965,1169.059937
Spain,2003,3478.0,39947556.0,8.70641498068117,1632.26001
Spain,2004,3508.0,40555823.0,8.64980597237541,1914.508911
Spain,2005,3399.0,41195479.0,8.250905396681999,2050.842285
Spain,2006,3247.0,41808848.0,7.7662986552511555,2227.942139
Spain,2007,3264.0,42547327.0,7.671457245716049,2587.02417
Spain,2008,3457.0,43199484.0,8.00241039916125,2967.600342
Spain,2009,3429.0,43490086.0,7.884555574343999,2912.541748
Spain,2010,3158.0,43595356.0,7.243890840116089,2775.140137
Spain,2011,3180.0,43642571.0,7.2864634853890715,2894.764404
Spain,2012,3539.0,44318859.0,7.985313881839782,2588.674561
Spain,2013,3873.0,44227625.0,8.756970332456243,2628.86377
Spain,2014,3911.0,44172771.0,8.85387063446846,2671.282959
Spain,2015,3604.0,44186528.0,8.156332174367718,2351.530029
Sri Lanka,2000,5252.0,17140342.0,30.641162235852704,43.70681763
Sri Lanka,2001,4590.0,17266961.0,26.582558447893643,41.32081223
Sri Lanka,2002,4382.0,17395955.0,25.1897639422498,42.85560226
Sri Lanka,2003,4467.0,17524596.0,25.48988861141221,42.38858414
Sri Lanka,2006,4015.0,17891558.0,22.44075110730994,65.48428345
Suriname,2000,52.0,419001.0,12.41047157405352,168.4034729
Suriname,2001,72.0,424515.0,16.960531429984805,93.4313736
Suriname,2002,69.0,430176.0,16.03994644052667,162.636261
Suriname,2003,77.0,435946.0,17.662738045537747,173.0663147
Suriname,2004,67.0,441717.0,15.168082731703784,221.2443237
Suriname,2005,72.0,447445.0,16.09136318430198,251.5494843
Suriname,2006,112.0,453293.0,24.708080645410362,326.5523682
Suriname,2007,119.0,459086.0,25.921069254997967,322.102417
Suriname,2008,147.0,464789.0,31.62725451764134,348.5854187
Suriname,2009,131.0,470448.0,27.84579804781825,396.79245
Suriname,2010,136.0,476052.0,28.568307663868648,417.6893921
Suriname,2011,127.0,481521.0,26.374758317913443,392.7755432
Suriname,2012,133.0,486964.0,27.312080564477046,425.3768005
Suriname,2013,131.0,492359.0,26.6066020931881,455.7103271
Suriname,2014,128.0,497701.0,25.718252525110458,463.0393677
Sweden,2000,1131.0,8409008.0,13.449862338102188,2173.193848
Sweden,2001,1197.0,8439317.0,14.18361225203414,2169.95752
Sweden,2002,1180.0,8465828.0,13.938388542739116,2477.208008
Sweden,2003,1112.0,8490539.0,13.096930595336763,3134.474365
Sweden,2004,1155.0,8514314.0,13.56539117537831,3513.293457
Sweden,2005,1219.0,8538624.0,14.276304940936619,3573.54541
Sweden,2006,1197.0,8576044.0,13.95748435992166,3788.660889
Sweden,2007,1126.0,8629159.0,13.048780304082936,4321.836914
Sweden,2008,1170.0,8688504.0,13.466069647893354,4652.80957
Sweden,2009,1242.0,8755922.0,14.184685519126369,4151.79834
Sweden,2010,1141.0,8823125.0,12.931926046610469,4437.119141
Sweden,2011,1112.0,8884644.0,12.515977004818652,6386.692871
Sweden,2012,1154.0,8948909.0,12.89542669391319,6273.509766
Sweden,2013,1230.0,9024081.0,13.630196803419649,6723.074707
Sweden,2014,1148.0,9114524.0,12.595281991687115,6628.458984
Sweden,2015,1182.0,9114524.0,12.968312991440913,5623.214355
Sweden,2016,1135.0,9253843.0,12.265174587465983,5707.058105
Switzerland,2000,1380.0,6809589.0,20.26554025507266,3737.802979
Switzerland,2001,1338.0,6865842.0,19.48777731849932,3957.172363
Switzerland,2002,1446.0,6942010.0,20.829702060354286,4420.574219
Switzerland,2003,1269.0,6969293.0,18.208446681750928,5277.378906
Switzerland,2004,1284.0,7023166.0,18.2823530014811,5889.844238
Switzerland,2005,1299.0,7071991.0,18.368236045549263,5964.726563
Switzerland,2006,1309.0,7118477.0,18.388764900132433,5900.513672
Switzerland,2007,1360.0,7183595.0,18.932024981920613,6401.807617
Switzerland,2008,1314.0,7274875.0,18.062166016598223,7411.206055
Switzerland,2009,1105.0,7364558.0,15.004294894547641,7599.472656
Switzerland,2010,1006.0,7439147.0,13.523055801962242,8021.80957
Switzerland,2011,1034.0,7518040.0,13.753584710908694,9572.171875
Switzerland,2012,1038.0,7595591.0,13.66582271214972,9286.549805
Switzerland,2013,1071.0,7681318.0,13.942919691646669,9689.674805
Switzerland,2014,1032.0,7809621.0,13.21446969065464,10014.70898
Switzerland,2015,1073.0,7892502.0,13.59518185741353,9807.798828
Thailand,2000,5182.0,58262135.0,8.894284426755044,62.25963211
Thailand,2002,4902.0,58263389.0,8.41351676264489,69.89767456
Thailand,2003,4484.0,60158951.0,7.453587413783195,76.50308228
Thailand,2004,4296.0,60686373.0,7.079019205843791,83.49060822
Thailand,2005,3937.0,61182665.0,6.434829211836393,91.43128967
Thailand,2006,3608.0,61636512.0,5.853673225376543,104.4275513
Thailand,2007,3754.0,58941621.0,6.36901384167904,126.8236008
Thailand,2008,3778.0,59216773.0,6.37994914042344,151.4736328
Thailand,2009,3787.0,59483718.0,6.3664480421348255,152.4512939
Thailand,2010,3761.0,59769764.0,6.292479254226268,172.0576935
Thailand,2011,3873.0,60261832.0,6.426953631280243,195.9386597
Thailand,2012,3985.0,60382255.0,6.59962103104629,206.4404449
Thailand,2013,3961.0,60766487.0,6.518395575508586,213.0030975
Thailand,2014,3952.0,61139919.0,6.463862014602932,219.3661652
Thailand,2015,4205.0,61261276.0,6.864042466239196,214.3841248
Thailand,2016,4131.0,61333728.0,6.735282746876238,225.3467102
Trinidad and Tobago,2000,166.0,1178363.0,14.087339809549347,277.0341187
Trinidad and Tobago,2001,179.0,1183354.0,15.126496382316702,284.1289063
Trinidad and Tobago,2002,156.0,1188800.0,13.122476446837142,338.1203308
Trinidad and Tobago,2003,144.0,1194458.0,12.055677135571113,373.8591003
Trinidad and Tobago,2004,168.0,1200116.0,13.998646797476242,449.7051086
Trinidad and Tobago,2005,136.0,1205471.0,11.281897283302543,552.8843994
Trinidad and Tobago,2006,141.0,1209301.0,11.659628165361644,592.9710693
Trinidad and Tobago,2007,131.0,1213988.0,10.790880964226995,695.9567871
Trinidad and Tobago,2008,199.0,1219336.0,16.320357965318834,783.9490967
Trinidad and Tobago,2009,128.0,1225097.0,10.448152268759129,810.3747559
Trinidad and Tobago,2010,160.0,1231002.0,12.99754183989953,861.5410156
Trinidad and Tobago,2011,139.0,1237186.0,11.235174015871504,912.3320923
Turkey,2009,1050.0,65962419.0,1.5918154851173663,500.0683594
Turkey,2010,1524.0,66975131.0,2.275471473135304,539.3276978
Turkey,2011,1148.0,68034357.0,1.687382743986248,531.663269
Turkey,2012,1450.0,68976439.0,2.1021670892578266,524.8210449
Turkey,2013,1810.0,69880352.0,2.590141503580291,552.40625
Turkey,2014,1617.0,70931420.0,2.279666754169027,527.2006836
Turkey,2015,1532.0,71880464.0,2.131316236355959,454.6096802
Turkmenistan,2000,383.0,4026478.0,9.512035083763031,76.63777161
Turkmenistan,2001,445.0,4095981.0,10.864308208460928,123.7941513
Turkmenistan,2002,416.0,4143692.0,10.039356206976773,132.5186768
Turkmenistan,2003,377.0,4177740.0,9.024017770373456,208.8676147
Turkmenistan,2004,392.0,4211000.0,9.308952742816434,319.2585754
Turkmenistan,2005,468.0,4252530.0,11.005213367101469,345.1430969
Turkmenistan,2006,506.0,4287650.0,11.801336396394294,374.1834106
Turkmenistan,2007,354.0,4342657.0,8.151691464465188,281.9349976
Turkmenistan,2008,484.0,4412135.0,10.96974593932416,255.4769135
Turkmenistan,2009,165.0,4484467.0,3.679367023996385,194.2539673
Turkmenistan,2010,178.0,4551185.0,3.9110693149146867,221.798584
Turkmenistan,2011,130.0,4626095.0,2.8101454898786127,276.6517029
Turkmenistan,2012,138.0,4690058.0,2.9423943158059034,318.807312
Turkmenistan,2013,101.0,4748055.0,2.127186816496439,376.223877
Turkmenistan,2014,136.0,4811227.0,2.8267217489426297,437.7528076
Turkmenistan,2015,133.0,4886514.0,2.7217767103501602,405.1263123
Ukraine,2000,14467.0,47125400.0,30.698943669443658,35.13031387
Ukraine,2001,13131.0,46805969.0,28.05411420923686,44.78530502
Ukraine,2002,12536.0,46060017.0,27.21666385837417,52.87698364
Ukraine,2003,12313.0,45697383.0,26.944650200209487,68.91822052
Ukraine,2004,11256.0,45322826.0,24.835168045346514,84.58527374
Ukraine,2005,10621.0,44939270.0,23.63411777716906,116.3277206
Ukraine,2006,10013.0,44560034.0,22.47080870719264,148.3464813
Ukraine,2007,10032.0,44198672.0,22.697514531658328,185.8313904
Ukraine,2008,9454.0,43856123.0,21.55685307613717,215.6572723
Ukraine,2009,9715.0,43557944.0,22.30362388087004,168.2019806
Ukraine,2010,9089.0,43296809.0,20.99230915608584,202.3390503
Ukraine,2011,8973.0,43074791.0,20.831209604708242,244.0137024
Ukraine,2012,9058.0,42915935.0,21.106379250504503,275.853302
Ukraine,2014,7968.0,40464165.0,19.691497402701874,197.3648224
Ukraine,2015,7574.0,40345446.0,18.772874638689082,141.5749207
United Arab Emirates,2005,96.0,4280433.0,2.2427637577787105,915.0838013
United Arab Emirates,2006,90.0,4923879.0,1.827827206964265,985.3295288
United Arab Emirates,2007,101.0,5695389.0,1.773364383012293,1094.849731
United Arab Emirates,2008,100.0,6510358.0,1.536013841327927,1340.038696
United Arab Emirates,2009,124.0,7252480.0,1.7097599717613836,1339.4375
United Arab Emirates,2010,111.0,7839736.0,1.4158640035837944,1359.025513
United Kingdom,2000,4290.0,56133909.0,7.6424394388782,1674.2854
United Kingdom,2001,4128.0,55571993.0,7.4282021881057965,1739.170044
United Kingdom,2002,4117.0,55908944.0,7.3637591867233265,1965.769409
United Kingdom,2003,3979.0,56171771.0,7.083629248577546,2347.039063
United Kingdom,2004,4183.0,56455011.0,7.409439704121215,2828.298096
United Kingdom,2005,4047.0,56809024.0,7.12386820798048,3010.180664
United Kingdom,2006,4122.0,57091129.0,7.220035883333119,3251.677734
United Kingdom,2007,3897.0,57382757.0,6.791238699109561,3740.197998
United Kingdom,2008,4259.0,57683372.0,7.383410248624163,3606.229004
United Kingdom,2009,4246.0,58013559.0,7.318978654627964,3273.727539
United Kingdom,2010,4188.0,58403529.0,7.170799559047193,3309.480957
United Kingdom,2011,4393.0,58881852.0,7.460702832512809,3501.949707
United Kingdom,2012,4444.0,59708630.0,7.442810193434348,3492.889648
United Kingdom,2013,4824.0,60091793.0,8.027718527220514,4207.887695
United Kingdom,2014,4788.0,60570482.0,7.9048405129085815,4601.137207
United Kingdom,2015,4910.0,61082942.0,8.038250678888387,4326.25
Uruguay,2000,555.0,3050169.0,18.195713089996,687.617981
Uruguay,2001,499.0,3061024.0,16.3017343215865,668.630188
Uruguay,2002,675.0,3065257.0,22.020992040797882,430.0263672
Uruguay,2003,535.0,3065772.0,17.450743238570904,378.428894
Uruguay,2004,520.0,3066489.0,16.95750416844802,371.3077393
Uruguay,2005,498.0,3070178.0,16.220557895991696,439.9475098
Uruguay,2006,528.0,3077445.0,17.157089728654782,494.4122009
Uruguay,2007,576.0,3087957.0,18.653109483065986,570.6231079
Uruguay,2008,523.0,3100791.0,16.866664022180146,799.9179688
Uruguay,2009,511.0,3114306.0,16.4081500019587,813.1199951
Uruguay,2010,547.0,3127306.0,17.491092972673606,1025.997681
Uruguay,2012,599.0,3151939.0,19.004174890440456,1322.689331
Uruguay,2013,546.0,3164670.0,17.252983723421398,1488.914917
Uruguay,2014,591.0,3177645.0,18.59867921054744,1467.951172
Uruguay,2015,630.0,3190795.0,19.744295700601263,1398.512085
Uzbekistan,2000,1919.0,21789067.0,8.807169210136442,29.67128944
Uzbekistan,2001,1914.0,22231527.0,8.609395117123533,25.24586105
Uzbekistan,2002,1576.0,22632256.0,6.963512607846075,20.21747208
Uzbekistan,2003,1416.0,22982883.0,6.161106942066407,21.32575607
Uzbekistan,2004,1251.0,23300841.0,5.368904924933824,23.29680634
Uzbekistan,2005,1221.0,23600347.0,5.17365274332619,27.17732811
Uzbekistan,2009,1399.0,25288102.0,5.532245955034506,63.36511612
Uzbekistan,2010,1464.0,25651783.0,5.707205616077448,76.91677094
Uzbekistan,2011,1640.0,25978049.0,6.313022198087315,89.63848114
Uzbekistan,2012,1835.0,26381830.0,6.955544782147411,106.2389603
Uzbekistan,2013,1950.0,26838924.0,7.265566980255989,116.044548
Uzbekistan,2014,2095.0,27313507.0,7.6701977523428235,117.3688278
